week,L1Q1,L1Q2,L1Q3,L1Q4,L1Q5,L1Q6,L1Q7,L1Q8,L1Q9,L1Q10,L1Q11,L1Q12,L1Q13,L2Q1,L2Q2,L2Q3,L2Q4,L2Q5,L2Q6,L2Q7,L2Q8,L2Q9,L2Q10,L2Q11,L2Q12,L2Q13,L2Q14,L2Q15,L2Q16,L2Q17,L2Q18,L2Q19,L2Q20,L2Q21,L3Q1,L3Q2,L3Q3,L3Q4,L3Q5,L3Q6,L3Q7,L3Q8,L3Q9,L3Q10,L3Q11,L3Q12,L3Q13,L3Q14,L3Q15,L3Q16,L3Q17,L3Q18,L3Q19,L3Q20,L3Q21,L4Q1,L4Q2,L4Q3,L4Q4,L4Q5,L4Q6,L4Q7,L4Q8,L4Q9,L4Q10,L4Q11,L4Q12,L4Q13,L4Q14,L4Q15,L4Q16,L4Q17,L4Q18,L4Q19,L4Q20,L4Q21,L4Q22,L5Q1,L5Q2,L5Q3,L5Q4,L5Q5,L5Q6,L5Q7,L5Q8,L5Q9,L5Q10,L5Q11,L5Q12,L5Q13,L5Q14,L5Q15,L5Q16,L5Q17,L5Q18,L5Q19,L6Q1,L6Q2,L6Q3,L6Q4,L6Q5,L6Q6,L6Q7,L6Q8,L6Q9,L6Q10,L6Q11,L6Q12,L6Q13,L6Q14,L6Q15,L6Q16,L6Q17,L6Q18,L7Q1,L7Q2,L7Q3,L7Q4,L7Q5,L7Q6,L8Q0,L8Q1
0,0,0,0,0,0,0,0,0,0,0,0,0,0,0,0,0,0,0,0,0,0,0,0,0,0,0,0,0,0,0,0,0,0,0,0,0,0,0,0,0,0,0,0,0,0,0,0,0,0,0,0,0,0,0,0,0,0,0,0,0,0,0,0,0,0,0,0,0,0,0,0,0,0,0,0,0,0,0,0,0,0,0,0,0,0,0,0,0,0,0,0,0,0,0,0,0,0,0,0,0,0,0,0,0,0,0,0,0,0,0,0,0,0,0,0,0,0,0,0,0,0,0
1,0,0,0,0,0,0,0,0,0,0,0,0,0,0,0,0,0,0,0,0,0,0,0,0,0,0,0,0,0,0,0,0,0,0,0,0,0,0,0,0,0,0,0,0,0,0,0,0,0,0,0,0,0,0,0,0,0,0,0,0,0,0,0,0,0,0,0,0,0,0,0,0,0,0,0,0,0,0,0,0,0,0,0,0,0,0,0,0,0,0,0,0,0,0,0,0,0,0,0,0,0,0,0,0,0,0,0,0,0,0,0,0,0,0,0,0,0,0,0,0,0,0
2,0,0,0,0,0,0,0,0,0,0,0,0,0,0,0,0,0,0,0,0,0,0,0,0,0,0,0,0,0,0,0,0,0,0,0,0,0,0,0,0,0,0,0,0,0,0,0,0,0,0,0,0,0,0,0,0,0,0,0,0,0,0,0,0,0,0,0,0,0,0,0,0,0,0,0,0,0,0,0,0,0,0,0,0,0,0,0,0,0,0,0,0,0,0,0,0,0,0,0,0,0,0,0,0,0,0,0,0,0,0,0,0,0,0,0,0,0,0,0,0,0,0
3,0,0,0,0,0,0,0,0,0,0,0,0,0,0,0,0,0,0,0,0,0,0,0,0,0,0,0,0,0,0,0,0,0,0,0,0,0,0,0,0,0,0,0,0,0,0,0,0,0,0,0,0,0,0,0,0,0,0,0,0,0,0,0,0,0,0,0,0,0,0,0,0,0,0,0,0,0,0,0,0,0,0,0,0,0,0,0,0,0,0,0,0,0,0,0,0,0,0,0,0,0,0,0,0,0,0,0,0,0,0,0,0,0,0,0,0,0,0,0,0,0,0
4,0,0,0,0,0,0,0,0,0,0,0,0,0,0,0,0,0,0,0,0,0,0,0,0,0,0,0,0,0,0,0,0,0,0,0,0,0,0,0,0,0,0,0,0,0,0,0,0,0,0,0,0,0,0,0,0,0,0,0,0,0,0,0,0,0,0,0,0,0,0,0,0,0,0,0,0,0,0,0,0,0,0,0,0,0,0,0,0,0,0,0,0,0,0,0,0,0,0,0,0,0,0,0,0,0,0,0,0,0,0,0,0,0,0,0,0,0,0,0,0,0,0
5,0,0,0,0,0,0,0,0,0,0,0,0,0,0,0,0,0,0,0,0,0,0,0,0,0,0,0,0,0,0,0,0,0,0,0,0,0,0,0,0,0,0,0,0,0,0,0,0,0,0,0,0,0,0,0,0,0,0,0,0,0,0,0,0,0,0,0,0,0,0,0,0,0,0,0,0,0,0,0,0,0,0,0,0,0,0,0,0,0,0,0,0,0,0,0,0,0,0,0,0,0,0,0,0,0,0,0,0,0,0,0,0,0,0,0,0,0,0,0,0,0,0
6,0,0,0,0,0,0,0,0,0,0,0,0,0,0,0,0,0,0,0,0,0,0,0,0,0,0,0,0,0,0,0,0,0,0,0,0,0,0,0,0,0,0,0,0,0,0,0,0,0,0,0,0,0,0,0,0,0,0,0,0,0,0,0,0,0,0,0,0,0,0,0,0,0,0,0,0,0,0,0,0,0,0,0,0,0,0,0,0,0,0,0,0,0,0,0,0,0,0,0,0,0,0,0,0,0,0,0,0,0,0,0,0,0,0,0,0,0,0,0,0,0,0
7,0,0,0,0,0,0,0,0,0,0,0,0,0,0,0,0,0,0,0,0,0,0,0,0,0,0,0,0,0,0,0,0,0,0,0,0,0,0,0,0,0,0,0,0,0,0,0,0,0,0,0,0,0,0,0,0,0,0,0,0,0,0,0,0,0,0,0,0,0,0,0,0,0,0,0,0,0,0,0,0,0,0,0,0,0,0,0,0,0,0,0,0,0,0,0,0,0,0,0,0,0,0,0,0,0,0,0,0,0,0,0,0,0,0,0,0,0,0,0,0,0,0
8,0,0,0,0,0,0,0,0,0,0,0,0,0,0,0,0,0,0,0,0,0,0,0,0,0,0,0,0,0,0,0,0,0,0,0,0,0,0,0,0,0,0,0,0,0,0,0,0,0,0,0,0,0,0,0,0,0,0,0,0,0,0,0,0,0,0,0,0,0,0,0,0,0,0,0,0,0,0,0,0,0,0,0,0,0,0,0,0,0,0,0,0,0,0,0,0,0,0,0,0,0,0,0,0,0,0,0,0,0,0,0,0,0,0,0,0,0,0,0,0,0,0
9,0,0,0,0,0,0,0,0,0,0,0,0,0,0,0,0,0,0,0,0,0,0,0,0,0,0,0,0,0,0,0,0,0,0,0,0,0,0,0,0,0,0,0,0,0,0,0,0,0,0,0,0,0,0,0,0,0,0,0,0,0,0,0,0,0,0,0,0,0,0,0,0,0,0,0,0,0,0,0,0,0,0,0,0,0,0,0,0,0,0,0,0,0,0,0,0,0,0,0,0,0,0,0,0,0,0,0,0,0,0,0,0,0,0,0,0,0,0,0,0,0,0
10,0,0,0,0,0,0,0,0,0,0,0,0,0,0,0,0,0,0,0,0,0,0,0,0,0,0,0,0,0,0,0,0,0,0,0,0,0,0,0,0,0,0,0,0,0,0,0,0,0,0,0,0,0,0,0,0,0,0,0,0,0,0,0,0,0,0,0,0,0,0,0,0,0,0,0,0,0,0,0,0,0,0,0,0,0,0,0,0,0,0,0,0,0,0,0,0,0,0,0,0,0,0,0,0,0,0,0,0,0,0,0,0,0,0,0,0,0,0,0,0,0,0
11,0,0,0,0,0,0,0,0,0,0,0,0,0,0,0,0,0,0,0,0,0,0,0,0,0,0,0,0,0,0,0,0,0,0,0,0,0,0,0,0,0,0,0,0,0,0,0,0,0,0,0,0,0,0,0,0,0,0,0,0,0,0,0,0,0,0,0,0,0,0,0,0,0,0,0,0,0,0,0,0,0,0,0,0,0,0,0,0,0,0,0,0,0,0,0,0,0,0,0,0,0,0,0,0,0,0,0,0,0,0,0,0,0,0,0,0,0,0,0,0,0,0
12,0,0,0,0,0,0,0,0,0,0,0,0,0,0,0,0,0,0,0,0,0,0,0,0,0,0,0,0,0,0,0,0,0,0,0,0,0,0,0,0,0,0,0,0,0,0,0,0,0,0,0,0,0,0,0,0,0,0,0,0,0,0,0,0,0,0,0,0,0,0,0,0,0,0,0,0,0,0,0,0,0,0,0,0,0,0,0,0,0,0,0,0,0,0,0,0,0,0,0,0,0,0,0,0,0,0,0,0,0,0,0,0,0,0,0,0,0,0,0,0,0,0
13,0,0,0,0,0,0,0,0,0,0,0,0,0,0,0,0,0,0,0,0,0,0,0,0,0,0,0,0,0,0,0,0,0,0,0,0,0,0,0,0,0,0,0,0,0,0,0,0,0,0,0,0,0,0,0,0,0,0,0,0,0,0,0,0,0,0,0,0,0,0,0,0,0,0,0,0,0,0,0,0,0,0,0,0,0,0,0,0,0,0,0,0,0,0,0,0,0,0,0,0,0,0,0,0,0,0,0,0,0,0,0,0,0,0,0,0,0,0,0,0,0,0
14,0,0,0,0,0,0,0,0,0,0,0,0,0,0,0,0,0,0,0,0,0,0,0,0,0,0,0,0,0,0,0,0,0,0,0,0,0,0,0,0,0,0,0,0,0,0,0,0,0,0,0,0,0,0,0,0,0,0,0,0,0,0,0,0,0,0,0,0,0,0,0,0,0,0,0,0,0,0,0,0,0,0,0,0,0,0,0,0,0,0,0,0,0,0,0,0,0,0,0,0,0,0,0,0,0,0,0,0,0,0,0,0,0,0,0,0,0,0,0,0,0,0
15,0,0,0,0,0,0,0,0,0,0,0,0,0,0,0,0,0,0,0,0,0,0,0,0,0,0,0,0,0,0,0,0,0,0,0,0,0,0,0,0,0,0,0,0,0,0,0,0,0,0,0,0,0,0,0,0,0,0,0,0,0,0,0,0,0,0,0,0,0,0,0,0,0,0,0,0,0,0,0,0,0,0,0,0,0,0,0,0,0,0,0,0,0,0,0,0,0,0,0,0,0,0,0,0,0,0,0,0,0,0,0,0,0,0,0,0,0,0,0,0,0,0
16,0,0,0,0,0,0,0,0,0,0,0,0,0,0,0,0,0,0,0,0,0,0,0,0,0,0,0,0,0,0,0,0,0,0,0,0,0,0,0,0,0,0,0,0,0,0,0,0,0,0,0,0,0,0,0,0,0,0,0,0,0,0,0,0,0,0,0,0,0,0,0,0,0,0,0,0,0,0,0,0,0,0,0,0,0,0,0,0,0,0,0,0,0,0,0,0,0,0,0,0,0,0,0,0,0,0,0,0,0,0,0,0,0,0,0,0,0,0,0,0,0,0
17,0,0,0,0,0,0,0,0,0,0,0,0,0,0,0,0,0,0,0,0,0,0,0,0,0,0,0,0,0,0,0,0,0,0,0,0,0,0,0,0,0,0,0,0,0,0,0,0,0,0,0,0,0,0,0,0,0,0,0,0,0,0,0,0,0,0,0,0,0,0,0,0,0,0,0,0,0,0,0,0,0,0,0,0,0,0,0,0,0,0,0,0,0,0,0,0,0,0,0,0,0,0,0,0,0,0,0,0,0,0,0,0,0,0,0,0,0,0,0,0,0,2
18,0,0,0,0,0,0,0,0,0,0,0,0,0,0,0,0,0,0,0,0,0,0,0,0,0,0,0,0,0,0,0,0,0,0,0,0,0,0,0,0,0,0,0,0,0,0,0,0,0,0,0,0,0,0,0,0,0,0,0,0,0,0,0,0,0,0,0,0,0,0,0,0,0,0,0,0,0,0,0,0,0,0,0,0,0,0,0,0,0,0,0,0,0,0,0,0,0,0,0,0,0,0,0,0,0,0,0,0,0,0,0,0,0,0,0,0,0,0,0,0,0,2
19,0,0,0,0,0,0,0,0,0,0,0,0,0,0,0,0,0,0,0,0,0,0,0,0,0,0,0,0,0,0,0,0,0,0,0,0,0,0,0,0,0,0,0,0,0,0,0,0,0,0,0,0,0,0,0,0,0,0,0,0,0,0,0,0,0,0,0,0,0,0,0,0,0,0,0,0,0,0,0,0,0,0,0,0,0,0,0,0,0,0,0,0,0,0,0,0,0,0,0,0,0,0,0,0,0,0,0,0,0,0,0,0,0,0,0,0,0,0,0,0,0,1
20,0,0,0,0,0,0,0,0,0,0,0,0,0,0,0,0,0,0,0,0,0,0,0,0,0,0,0,0,0,0,0,0,0,0,0,0,0,0,0,0,0,0,0,0,0,0,0,0,0,0,0,0,0,0,0,0,0,0,0,0,0,0,0,0,0,0,0,0,0,0,0,0,0,0,0,0,0,0,0,0,0,0,0,0,0,0,0,0,0,0,0,0,0,0,0,0,0,0,0,0,0,0,0,0,0,0,0,0,0,0,0,0,0,0,0,0,0,0,0,0,0,3
21,0,0,0,0,0,0,0,0,0,0,0,0,0,0,0,0,0,0,0,0,0,0,0,0,0,0,0,0,0,0,0,0,0,0,0,0,0,0,0,0,0,0,0,0,0,0,0,0,0,0,0,0,0,0,0,0,0,0,0,0,0,0,0,0,0,0,0,0,0,0,0,0,0,0,0,0,0,0,0,0,0,0,0,0,0,0,0,0,0,0,0,0,0,0,0,0,0,0,0,0,0,0,0,0,0,0,0,0,0,0,0,0,0,0,0,0,0,0,0,0,0,3
22,0,0,0,0,0,0,0,0,0,0,0,0,0,0,0,0,0,0,0,0,0,0,0,0,0,0,0,0,0,0,0,0,0,0,0,0,0,0,0,0,0,0,0,0,0,0,0,0,0,0,0,0,0,0,0,0,0,0,0,0,0,0,0,0,0,0,0,0,0,0,0,0,0,0,0,0,0,0,0,0,0,0,0,0,0,0,0,0,0,0,0,0,0,0,0,0,0,0,0,0,0,0,0,0,0,0,0,0,0,0,0,0,0,0,0,0,0,0,0,0,0,3
23,0,0,0,0,0,0,0,0,0,0,0,0,0,0,0,0,0,0,0,0,0,0,0,0,0,0,0,0,0,0,0,0,0,0,0,0,0,0,0,0,0,0,0,0,0,0,0,0,0,0,0,0,0,0,0,0,0,0,0,0,0,0,0,0,0,0,0,0,0,0,0,0,0,0,0,0,0,0,0,0,0,0,0,0,0,0,0,0,0,0,0,0,0,0,0,0,0,0,0,0,0,0,0,0,0,0,0,0,0,0,0,0,0,0,0,0,0,0,0,0,0,3
24,0,0,0,0,0,0,0,0,0,0,0,0,0,0,0,0,0,0,0,0,0,0,0,0,0,0,0,0,0,0,0,0,0,0,0,0,0,0,0,0,0,0,0,0,0,0,0,0,0,0,0,0,0,0,0,0,0,0,0,0,0,0,0,0,0,0,0,0,0,0,0,0,0,0,0,0,0,0,0,0,0,0,0,0,0,0,0,0,0,0,0,0,0,0,0,0,0,0,0,0,0,0,0,0,0,0,0,0,0,0,0,0,0,0,0,0,0,0,0,0,0,4
25,0,0,0,0,0,0,0,0,0,0,0,0,0,0,0,0,0,0,0,0,0,0,0,0,0,0,0,0,0,0,0,0,0,0,0,0,0,0,0,0,0,0,0,0,0,0,0,0,0,0,0,0,0,0,0,0,0,0,0,0,0,0,0,0,0,0,0,0,0,0,0,0,0,0,0,0,0,0,0,0,0,0,0,0,0,0,0,0,0,0,0,0,0,0,0,0,0,0,0,0,0,0,0,0,0,0,0,0,0,0,0,0,0,0,0,0,0,0,0,0,0,6
26,0,0,0,0,0,0,0,0,0,0,0,0,0,0,0,0,0,0,0,0,0,0,0,0,0,0,0,0,0,0,0,0,0,0,0,0,0,0,0,0,0,0,0,0,0,0,0,0,0,0,0,0,0,0,0,0,0,0,0,0,0,0,0,0,0,0,0,0,0,0,0,0,0,0,0,0,0,0,0,0,0,0,0,0,0,0,0,0,0,0,0,0,0,0,0,0,0,0,0,0,0,0,0,0,0,0,0,0,0,0,0,0,0,0,0,0,0,0,0,0,0,4
27,0,0,0,0,0,0,0,0,0,0,0,0,0,0,0,0,0,0,0,0,0,0,0,0,0,0,0,0,0,0,0,0,0,0,0,0,0,0,0,0,0,0,0,0,0,0,0,0,0,0,0,0,0,0,0,0,0,0,0,0,0,0,0,0,0,0,0,0,0,0,0,0,0,0,0,0,0,0,0,0,0,0,0,0,0,0,0,0,0,0,0,0,0,0,0,0,0,0,0,0,0,0,0,0,0,0,0,0,0,0,0,0,0,0,0,0,0,0,0,0,0,3
28,0,0,0,0,0,0,0,0,0,0,0,0,0,0,0,0,0,0,0,0,0,0,0,0,0,0,0,0,0,0,0,0,0,0,0,0,0,0,0,0,0,0,0,0,0,0,0,0,0,0,0,0,0,0,0,0,0,0,0,0,0,0,0,0,0,0,0,0,0,0,0,0,0,0,0,0,0,0,0,0,0,0,0,0,0,0,0,0,0,0,0,0,0,0,0,0,0,0,0,0,0,0,0,0,0,0,0,0,0,0,0,0,0,0,0,0,0,0,0,0,0,5
29,0,0,0,0,0,0,0,0,0,0,0,0,0,0,0,0,0,0,0,0,0,0,0,0,0,0,0,0,0,0,0,0,0,0,0,0,0,0,0,0,0,0,0,0,0,0,0,0,0,0,0,0,0,0,0,0,0,0,0,0,0,0,0,0,0,0,0,0,0,0,0,0,0,0,0,0,0,0,0,0,0,0,0,0,0,0,0,0,0,0,0,0,0,0,0,0,0,0,0,0,0,0,0,0,0,0,0,0,0,0,0,0,0,0,0,0,0,0,0,0,0,5
30,0,0,0,0,0,0,0,0,0,0,0,0,0,0,0,0,0,0,0,0,0,0,0,0,0,0,0,0,0,0,0,0,0,0,0,0,0,0,0,0,0,0,0,0,0,0,0,0,0,0,0,0,0,0,0,0,0,0,0,0,0,0,0,0,0,0,0,0,0,0,0,0,0,0,0,0,0,0,0,0,0,0,0,0,0,0,0,0,0,0,0,0,0,0,0,0,0,0,0,0,0,0,0,0,0,0,0,0,0,0,0,0,0,0,0,0,0,0,0,0,0,5
31,0,0,0,0,0,0,0,0,0,0,0,0,0,0,0,0,0,0,0,0,0,0,0,0,0,0,0,0,0,0,0,0,0,0,0,0,0,0,0,0,0,0,0,0,0,0,0,0,0,0,0,0,0,0,0,0,0,0,0,0,0,0,0,0,0,0,0,0,0,0,0,0,0,0,0,0,0,0,0,0,0,0,0,0,0,0,0,0,0,0,0,0,0,0,0,0,0,0,0,0,0,0,0,0,0,0,0,0,0,0,0,0,0,0,0,0,0,0,0,0,0,5
32,0,0,0,0,0,0,0,0,0,0,0,0,0,0,0,0,0,0,0,0,0,0,0,0,0,0,0,0,0,0,0,0,0,0,0,0,0,0,0,0,0,0,0,0,0,0,0,0,0,0,0,0,0,0,0,0,0,0,0,0,0,0,0,0,0,0,0,0,0,0,0,0,0,0,0,0,0,0,0,0,0,0,0,0,0,0,0,0,0,0,0,0,0,0,0,0,0,0,0,0,0,0,0,0,0,0,0,0,0,0,0,0,0,0,0,0,0,0,0,0,0,5
33,0,0,0,0,0,0,0,0,0,0,0,0,0,1,1,0,0,0,0,0,0,0,0,0,0,0,0,0,0,0,0,0,0,0,0,0,0,0,0,0,0,0,0,0,0,0,0,0,0,0,0,0,0,0,0,0,0,0,0,0,0,0,0,0,0,0,0,0,0,0,0,0,0,0,0,0,0,0,0,0,0,0,0,0,0,0,0,0,0,0,0,0,0,0,0,0,0,0,0,0,0,0,0,0,0,0,0,0,0,0,0,0,0,0,0,0,0,0,0,0,0,4
34,0,0,0,0,0,0,0,0,0,0,0,0,0,1,1,1,0,0,1,1,0,0,0,0,0,1,1,1,0,0,0,0,0,0,0,0,0,0,0,0,0,0,0,0,0,0,0,0,0,0,0,0,0,0,0,0,0,0,0,0,0,0,0,0,0,0,0,0,0,0,0,0,0,0,0,0,0,0,0,0,0,0,0,0,0,0,0,0,0,0,0,0,0,0,0,0,0,0,0,0,0,0,0,0,0,0,0,0,0,0,0,0,0,0,0,0,0,0,0,0,0,4
35,0,0,0,0,0,0,0,0,0,0,0,0,0,0,1,1,0,0,0,1,0,0,0,0,0,0,0,1,0,0,0,1,0,1,0,0,0,0,0,0,0,0,0,0,0,0,0,0,0,0,0,0,0,0,0,0,0,0,0,0,0,0,0,0,0,0,0,0,0,0,0,0,0,0,0,0,0,0,0,0,0,0,0,0,0,0,0,0,0,0,0,0,0,0,0,0,0,0,0,0,0,0,0,0,0,0,0,0,0,0,0,0,0,0,0,0,0,0,0,0,0,5
36,0,0,0,0,0,0,0,0,0,0,0,0,0,2,2,1,1,1,2,2,1,1,1,1,0,1,1,1,1,1,1,1,1,1,0,0,0,0,0,0,0,0,0,0,0,0,0,0,0,0,0,0,0,0,0,0,0,0,0,0,0,0,0,0,0,0,0,0,0,0,0,0,0,0,0,0,0,0,0,0,0,0,0,0,0,0,0,0,0,0,0,0,0,0,0,0,0,0,0,0,0,0,0,0,0,0,0,0,0,0,0,0,0,0,0,0,0,0,0,0,0,5
37,0,0,0,0,0,0,0,0,0,0,0,0,0,2,2,2,1,1,2,2,1,1,1,1,1,2,2,2,1,1,1,2,2,1,0,0,0,0,0,0,0,0,0,0,0,0,0,0,0,0,0,0,0,0,0,0,0,0,0,0,0,0,0,0,0,0,0,0,0,0,0,0,0,0,0,0,0,0,0,0,0,0,0,0,0,0,0,0,0,0,0,0,0,0,0,0,0,0,0,0,0,0,0,0,0,0,0,0,0,0,0,0,0,0,0,0,0,0,0,0,0,6
38,0,0,0,0,0,0,0,0,0,0,0,0,0,3,3,2,1,1,2,3,1,1,2,1,1,3,2,2,1,1,1,2,2,2,0,0,0,0,0,0,0,0,0,0,0,0,0,0,0,0,0,0,0,0,0,0,0,0,0,0,0,0,0,0,0,0,0,0,0,0,0,0,0,0,0,0,0,0,0,0,0,0,0,0,0,0,0,0,0,0,0,0,0,0,0,0,0,0,0,0,0,0,0,0,0,0,0,0,0,0,0,0,0,0,0,0,0,0,0,0,0,5
39,0,0,0,0,0,0,0,0,0,0,0,0,0,3,2,2,1,1,3,3,1,1,2,2,1,3,2,2,1,1,1,2,2,2,1,0,0,1,1,0,0,0,0,0,0,0,1,0,0,0,0,0,0,0,0,0,0,0,0,0,0,0,0,0,0,0,0,0,0,0,0,0,0,0,0,0,0,0,0,0,0,0,0,0,0,0,0,0,0,0,0,0,0,0,0,0,0,0,0,0,0,0,0,0,0,0,0,0,0,0,0,0,0,0,0,0,0,0,0,0,0,6
40,0,0,0,0,0,0,0,0,0,0,0,0,0,3,3,3,2,2,3,3,2,1,2,2,1,3,3,3,2,2,2,1,2,2,1,1,0,0,1,1,0,0,0,0,0,0,1,1,1,0,0,0,1,0,0,0,0,0,0,0,0,0,0,0,0,0,0,0,0,0,0,0,0,0,0,0,0,0,0,0,0,0,0,0,0,0,0,0,0,0,0,0,0,0,0,0,0,0,0,0,0,0,0,0,0,0,0,0,0,0,0,0,0,0,0,0,0,0,0,0,0,5
41,0,0,0,0,0,0,0,0,0,0,0,0,0,3,3,3,2,2,3,3,2,1,2,2,1,3,3,3,2,2,2,3,3,2,1,1,0,1,1,1,0,1,0,1,1,0,1,1,1,0,0,0,1,1,0,0,0,0,0,0,0,0,0,0,0,0,0,0,0,0,0,0,0,0,0,0,0,0,0,0,0,0,0,0,0,0,0,0,0,0,0,0,0,0,0,0,0,0,0,0,0,0,0,0,0,0,0,0,0,0,0,0,0,0,0,0,0,0,0,0,0,5
42,0,0,0,0,0,0,0,0,0,0,0,0,0,4,3,3,2,1,2,3,2,1,2,2,1,3,3,3,1,2,2,2,3,2,2,1,1,2,2,1,1,1,1,1,1,1,2,1,1,1,1,1,1,0,1,0,0,0,0,0,0,0,0,0,0,0,0,0,0,0,0,0,0,0,0,0,0,0,0,0,0,0,0,0,0,0,0,0,0,0,0,0,0,0,0,0,0,0,0,0,0,0,0,0,0,0,0,0,0,0,0,0,0,0,0,0,0,0,0,0,0,4
43,0,0,0,0,0,0,0,0,0,0,0,0,0,4,4,3,2,2,3,2,2,1,2,1,1,3,3,3,2,2,2,3,3,3,2,2,1,2,2,2,1,1,1,1,1,1,2,2,2,1,1,1,2,1,2,1,0,0,0,0,0,0,0,0,0,0,0,0,0,0,0,0,0,0,0,0,0,0,0,0,0,0,0,0,0,0,0,0,0,0,0,0,0,0,0,0,0,0,0,0,0,0,0,0,0,0,0,0,0,0,0,0,0,0,0,0,0,0,0,0,0,4
44,0,0,0,0,0,0,0,0,0,0,0,0,0,3,4,2,2,2,3,3,2,1,2,2,1,3,3,3,2,2,1,3,3,3,3,2,2,3,3,2,2,2,1,2,2,1,3,3,3,1,2,2,2,2,2,0,0,0,0,0,0,0,0,0,0,0,0,0,0,0,0,0,0,0,0,0,0,0,0,0,0,0,0,0,0,0,0,0,0,0,0,0,0,0,0,0,0,0,0,0,0,0,0,0,0,0,0,0,0,0,0,0,0,0,0,0,0,0,0,0,0,2
45,0,0,0,0,0,0,0,0,0,0,0,0,0,3,4,3,2,2,2,3,2,0,2,2,1,3,3,3,2,1,2,3,3,3,3,3,2,3,3,3,2,2,1,2,2,1,3,3,3,2,2,2,2,2,2,0,0,0,0,0,0,0,0,0,0,0,0,0,0,0,0,0,0,0,0,0,0,0,0,0,0,0,0,0,0,0,0,0,0,0,0,0,0,0,0,0,0,0,0,0,0,0,0,0,0,0,0,0,0,0,0,0,0,0,0,0,0,0,0,0,0,4
46,0,0,0,0,0,0,0,0,0,0,0,0,0,3,3,3,2,2,3,3,2,1,2,2,1,3,3,3,2,2,2,3,2,3,4,3,2,4,3,2,2,2,2,2,2,2,3,3,3,2,2,2,3,3,3,1,1,0,1,1,1,0,1,0,1,0,0,0,1,1,1,0,0,0,1,0,0,0,0,0,0,0,0,0,0,0,0,0,0,0,0,0,0,0,0,0,0,0,0,0,0,0,0,0,0,0,0,0,0,0,0,0,0,0,0,0,0,0,0,0,0,6
47,0,0,0,0,0,0,0,0,0,0,0,0,0,3,3,2,1,1,3,3,2,1,2,2,1,2,3,2,2,2,2,3,2,3,4,4,3,4,4,3,2,3,2,3,2,2,4,4,4,2,2,2,3,3,3,2,1,1,2,1,1,1,1,1,1,1,0,0,1,1,1,1,1,1,1,1,1,0,0,0,0,0,0,0,0,0,0,0,0,0,0,0,0,0,0,0,0,0,0,0,0,0,0,0,0,0,0,0,0,0,0,0,0,0,0,0,0,0,0,0,0,5
48,0,0,0,0,0,0,0,0,0,0,0,0,0,4,4,2,2,2,3,3,2,1,2,2,1,3,3,3,2,2,2,3,3,3,6,4,3,5,5,4,3,3,2,4,3,3,5,5,4,3,3,3,4,4,4,2,2,1,2,2,2,1,1,1,2,1,1,1,2,2,2,1,1,1,1,1,1,0,0,0,0,0,0,0,0,0,0,0,0,0,0,0,0,0,0,0,0,0,0,0,0,0,0,0,0,0,0,0,0,0,0,0,0,0,0,0,0,0,0,0,0,5
49,0,0,0,0,0,0,0,0,0,0,0,0,0,4,4,3,2,2,4,4,2,2,2,2,1,3,3,4,2,2,2,3,3,2,6,5,3,6,6,5,3,4,3,3,4,3,6,5,5,3,3,3,5,5,5,3,2,2,3,3,2,2,2,1,2,2,1,1,3,3,3,1,1,2,2,2,2,0,0,0,0,0,0,0,0,0,0,0,0,0,0,0,0,0,0,0,0,0,0,0,0,0,0,0,0,0,0,0,0,0,0,0,0,0,0,0,0,0,0,0,0,6
50,0,0,0,0,0,0,0,0,0,0,0,0,0,4,4,3,2,2,4,4,2,2,3,2,2,4,4,4,2,2,2,3,3,3,6,4,3,6,6,5,3,4,3,4,4,3,6,6,6,3,3,3,5,5,5,3,3,2,3,3,3,2,3,1,3,2,0,1,3,3,3,1,2,1,3,3,3,0,0,0,0,0,0,0,0,0,0,0,0,0,0,0,0,0,0,0,0,0,0,0,0,0,0,0,0,0,0,0,0,0,0,0,0,0,0,0,0,0,0,0,0,6
51,0,0,0,0,0,0,0,0,0,0,0,0,0,5,4,4,2,2,4,4,1,2,3,3,2,4,4,4,2,2,2,3,3,3,7,5,4,7,7,6,4,4,3,5,4,3,7,7,7,4,4,4,6,6,6,3,3,2,3,3,3,2,2,1,2,2,1,1,3,3,3,2,1,2,2,3,3,0,0,0,0,0,0,0,0,0,0,0,0,0,0,0,0,0,0,0,0,0,0,0,0,0,0,0,0,0,0,0,0,0,0,0,0,0,0,0,0,0,0,0,0,5
52,0,0,0,0,0,0,0,0,0,0,0,0,0,4,5,4,2,2,5,5,3,2,3,3,2,5,4,4,2,2,2,2,3,3,8,6,5,7,7,6,5,5,3,6,5,4,7,7,7,4,5,5,6,6,6,3,3,2,3,2,3,2,3,2,3,2,1,1,3,3,3,2,2,2,3,3,3,0,0,0,0,0,0,0,0,0,0,0,0,0,0,0,0,0,0,0,0,0,0,0,0,0,0,0,0,0,0,0,0,0,0,0,0,0,0,0,0,0,0,0,0,5
53,0,0,0,0,0,0,0,0,0,0,0,0,0,5,5,4,3,3,5,5,3,2,3,3,2,5,4,5,3,3,2,3,3,3,8,5,5,8,8,6,4,5,4,6,5,4,7,7,7,4,5,5,6,5,6,4,3,2,3,4,3,2,3,1,3,2,1,1,3,3,3,2,2,2,3,3,3,0,0,0,0,0,0,0,0,0,0,0,0,0,0,0,0,0,0,0,1,0,1,0,0,0,0,0,0,1,1,0,0,0,0,0,0,0,0,0,0,0,0,0,0,5
54,0,0,0,0,0,0,0,0,0,0,0,0,0,5,4,3,3,3,5,4,3,2,3,3,2,5,4,5,3,3,3,4,3,3,8,6,5,8,8,6,5,5,4,6,5,4,8,8,7,4,5,5,6,6,6,4,3,2,4,4,3,2,3,2,3,2,2,2,3,3,3,2,2,2,3,3,3,0,0,0,0,0,0,0,0,0,0,0,0,0,0,0,0,0,0,0,0,1,1,0,0,1,0,0,0,1,1,1,0,0,0,0,0,0,0,0,0,0,0,0,0,6
55,0,0,0,0,0,0,0,0,0,0,0,0,0,4,4,4,2,3,5,4,2,2,2,3,2,4,4,5,3,2,2,3,2,3,9,7,5,9,9,7,5,6,4,7,6,4,9,9,9,5,5,5,7,7,7,4,3,2,4,4,2,2,2,2,3,3,2,2,3,4,4,2,2,2,3,3,3,0,0,0,0,0,0,0,0,0,0,0,0,0,0,0,0,0,0,0,1,1,1,0,0,0,0,1,0,1,1,1,0,0,0,0,0,1,0,0,0,0,0,0,0,4
56,0,0,0,0,0,0,0,0,0,0,0,0,0,5,5,4,3,3,5,5,3,1,3,3,2,5,4,4,3,2,2,3,3,3,10,8,6,9,9,8,6,6,4,7,6,5,9,9,9,5,6,6,7,7,7,4,3,2,4,3,2,2,3,2,3,2,1,1,3,4,3,2,2,2,3,3,3,1,0,0,0,1,0,0,0,0,0,0,0,0,0,0,0,0,0,0,1,1,1,0,1,1,0,1,0,1,1,1,0,0,0,1,1,1,0,0,0,0,0,0,0,7
57,0,0,0,0,0,0,0,0,0,0,0,0,0,5,4,2,2,2,4,5,2,2,2,2,2,5,3,3,3,2,2,3,3,3,10,8,6,10,10,8,6,6,5,8,6,5,9,9,9,5,6,6,8,7,8,4,3,2,4,4,3,2,3,2,3,2,2,1,3,3,3,2,2,2,3,3,3,0,0,0,0,0,0,0,0,0,0,1,0,0,0,0,0,0,0,0,1,1,1,1,1,1,1,1,1,1,1,1,1,0,0,0,1,1,0,0,0,0,0,0,0,7
58,0,0,0,0,0,0,0,0,0,0,0,0,0,5,4,2,2,2,4,5,2,2,2,2,2,5,4,3,2,2,2,3,3,3,10,7,6,9,9,7,6,5,5,8,6,4,9,9,9,6,6,6,7,7,8,5,4,3,4,4,4,3,4,2,4,3,2,2,4,4,4,2,2,2,3,3,3,0,0,0,0,0,0,0,0,0,0,1,0,0,0,0,0,0,0,0,1,1,1,1,0,1,1,1,1,1,1,1,0,0,0,1,1,1,0,0,0,0,0,0,0,8
59,0,0,0,0,0,0,0,0,0,0,0,0,0,5,5,4,3,3,5,5,3,2,3,3,2,5,5,5,2,2,2,3,3,3,10,8,4,9,9,8,6,6,5,8,6,4,9,9,9,5,5,6,7,7,8,5,4,3,3,4,4,3,4,2,4,3,2,2,4,4,4,2,2,2,3,3,3,0,0,0,0,0,0,0,0,0,0,1,0,0,0,0,0,0,0,0,2,1,2,0,1,1,1,1,1,2,0,1,0,0,1,1,1,1,0,0,0,0,0,0,0,8
60,0,0,0,0,0,0,0,0,0,0,0,0,0,6,5,3,3,3,6,6,3,2,4,4,2,5,5,5,3,3,3,4,4,4,10,8,5,9,8,8,6,6,5,8,6,5,8,8,9,5,5,5,6,7,8,5,4,3,5,5,4,3,4,2,4,3,2,2,5,4,5,3,2,3,4,4,4,1,1,1,0,1,0,0,0,0,0,1,1,1,0,0,0,0,0,0,2,2,2,1,1,2,1,2,2,2,2,2,1,0,1,1,1,1,0,0,0,0,0,0,0,8
61,0,0,0,0,0,0,0,0,0,0,0,0,0,6,6,4,3,3,6,6,3,2,4,4,3,5,5,5,3,3,3,4,4,4,10,8,6,9,9,7,6,6,5,7,6,4,9,9,9,5,5,5,7,7,8,6,3,3,5,4,4,3,4,2,4,3,2,1,5,5,5,3,3,3,3,4,4,2,1,1,1,2,1,1,1,1,0,1,1,1,1,1,1,1,1,1,2,0,2,1,1,2,1,2,2,2,0,2,1,0,1,2,0,2,0,0,0,0,0,0,0,9
62,0,0,0,0,0,0,0,0,0,0,0,0,0,6,6,4,3,3,6,6,3,3,4,4,3,6,6,5,3,3,3,5,4,4,10,8,6,9,9,8,6,6,4,7,6,4,9,9,9,5,5,4,7,7,8,6,5,3,5,5,4,3,4,3,4,4,2,2,5,5,5,3,3,3,4,4,4,1,1,1,1,1,1,1,1,1,0,1,1,1,0,0,1,1,1,0,3,2,3,1,1,2,1,2,2,2,3,3,1,1,1,2,2,2,0,0,0,0,0,0,0,9
63,0,0,0,0,0,0,0,0,0,0,0,0,0,7,7,5,4,4,6,6,4,3,4,4,3,6,6,6,4,4,4,4,5,5,10,7,6,9,9,8,5,6,4,6,5,3,7,9,9,5,5,5,6,6,7,7,5,4,6,6,5,3,5,3,5,4,3,3,6,6,6,3,3,3,5,5,5,1,2,2,1,1,1,2,1,1,1,1,2,2,1,0,1,1,1,1,3,2,3,2,1,2,1,2,1,3,3,2,1,1,1,2,2,2,0,0,0,0,0,0,0,8
64,0,0,0,0,0,0,0,0,0,0,0,0,0,7,7,5,4,4,6,7,4,3,4,4,3,7,7,7,4,3,4,5,5,4,10,8,6,9,9,7,6,6,4,7,6,4,9,9,9,5,5,5,7,7,7,7,6,4,7,7,5,4,5,3,5,4,3,3,6,6,6,4,4,4,5,5,5,1,2,2,1,1,0,0,0,0,1,1,2,1,1,0,0,0,0,1,1,2,2,2,2,1,2,2,2,3,3,3,1,2,2,1,2,2,0,0,0,0,0,0,0,6
65,0,0,0,0,0,0,0,0,0,0,0,0,0,7,6,5,4,4,5,6,4,3,4,4,3,5,6,6,4,4,4,5,5,5,10,8,6,10,10,8,6,6,4,7,5,4,9,9,9,5,5,6,8,8,8,7,6,4,7,7,6,4,6,3,5,4,3,3,7,7,7,4,4,4,5,5,5,1,1,1,1,1,1,1,1,0,1,1,1,0,0,0,0,1,1,1,2,2,2,2,2,2,2,2,2,2,3,3,2,2,2,1,1,2,0,0,0,0,0,0,0,6
66,0,0,0,0,0,0,0,0,0,0,0,0,0,7,6,5,4,3,7,6,3,3,4,4,3,6,6,6,4,4,3,5,4,5,10,8,6,10,10,8,6,6,5,8,6,4,10,10,10,6,6,6,8,8,8,8,6,4,7,7,6,4,6,4,6,5,3,3,7,7,7,4,4,4,5,6,6,1,1,1,0,1,1,0,1,0,0,1,1,1,0,0,0,0,1,0,3,3,3,2,2,3,2,3,3,3,3,3,2,2,2,3,2,2,0,0,0,0,0,0,0,5
67,0,0,0,0,0,0,0,0,0,0,0,0,0,6,6,5,4,4,6,6,4,3,4,4,3,6,6,6,4,4,4,5,5,5,11,9,6,10,10,8,6,6,5,8,7,5,10,10,10,6,6,6,8,8,8,8,6,4,7,7,6,4,6,3,6,5,3,3,7,7,7,4,4,4,6,6,6,1,1,1,0,1,0,0,0,0,0,0,1,1,0,0,0,0,1,0,4,3,4,2,2,3,2,3,3,4,4,3,2,2,2,3,3,3,0,0,0,0,0,0,0,6
68,0,0,0,0,0,0,0,0,0,0,0,0,0,6,7,5,4,4,6,7,4,3,4,4,3,6,6,6,4,4,4,5,4,5,11,9,7,10,10,9,6,7,5,8,7,5,10,10,10,6,6,6,9,9,9,8,7,4,7,7,6,5,6,4,6,5,3,3,7,7,7,4,4,4,6,6,5,1,1,1,0,1,0,1,1,0,0,1,1,1,0,0,0,1,1,0,4,4,5,3,3,3,2,3,2,3,2,4,2,2,1,2,3,2,0,0,0,0,0,0,0,8
69,0,0,0,0,0,0,0,0,0,0,0,0,0,6,7,5,4,4,7,6,3,3,4,4,3,6,6,6,4,3,4,5,5,5,12,10,6,11,11,10,7,7,5,9,7,6,11,11,11,7,7,7,10,9,9,8,6,4,7,7,6,4,6,3,6,5,2,3,7,7,7,4,4,4,6,5,6,1,1,0,1,1,1,1,0,0,0,0,1,1,1,0,0,1,0,0,4,4,3,2,3,3,2,3,3,3,3,3,2,2,1,3,3,3,0,0,0,0,0,0,0,11
70,0,0,0,0,0,0,0,0,0,0,0,0,0,7,7,6,4,4,7,7,4,3,4,4,3,7,7,7,4,4,4,5,5,5,12,10,7,12,12,10,7,8,6,9,8,6,12,11,11,7,7,7,10,10,10,7,6,4,6,6,6,4,6,3,6,4,3,3,7,6,6,4,3,4,6,5,5,2,1,1,1,2,1,1,1,1,1,2,1,1,1,1,1,1,1,1,3,4,2,2,2,3,2,3,1,3,3,3,2,2,1,3,3,3,0,0,0,0,0,0,0,11
71,0,0,0,0,0,0,0,0,0,0,0,0,0,8,7,5,4,4,7,6,4,3,4,5,3,7,6,6,4,4,4,6,6,6,13,10,8,12,12,10,8,8,6,10,8,6,11,12,12,7,8,7,10,10,10,6,6,4,6,6,6,4,5,3,6,5,3,3,6,6,7,3,3,4,5,4,4,1,2,2,1,2,1,2,2,1,1,2,2,2,1,1,1,2,2,1,4,3,3,2,2,3,2,2,3,3,2,3,2,1,2,3,3,2,0,0,0,0,0,0,0,12
72,0,0,0,0,0,0,0,0,0,0,0,0,0,8,7,5,4,4,6,7,4,3,4,5,3,7,6,6,4,4,4,5,6,5,14,11,7,13,12,11,8,8,6,10,8,6,13,13,12,7,8,7,11,11,11,7,6,4,7,7,5,4,5,3,5,5,3,3,6,6,6,4,4,4,5,5,5,3,2,1,1,3,1,2,2,1,1,3,3,2,1,1,1,2,1,1,3,3,3,1,1,2,2,2,3,3,3,2,2,1,1,2,3,2,0,0,0,0,0,0,0,11
73,0,0,0,0,0,0,0,0,0,0,0,0,0,7,7,6,4,3,7,7,4,3,4,5,3,7,5,7,4,4,4,6,6,6,14,11,8,13,13,11,8,9,6,10,8,7,13,13,13,8,8,8,11,11,11,7,5,4,6,7,5,3,5,2,5,5,3,3,6,7,6,4,4,3,5,5,5,3,2,2,1,2,1,2,2,1,1,2,3,3,0,1,1,2,2,2,3,2,3,2,1,2,1,2,2,2,3,2,1,1,1,2,2,2,0,0,0,0,0,0,0,11
74,0,0,0,0,0,0,0,0,0,0,0,0,0,8,7,6,4,4,7,7,4,3,5,5,3,7,7,7,4,4,4,6,6,6,14,11,8,13,14,11,8,9,7,11,9,7,14,14,14,8,7,8,10,11,10,7,6,4,7,7,5,4,5,3,5,5,3,3,6,7,6,4,4,4,5,5,5,3,1,2,1,2,1,1,1,1,1,1,2,3,2,1,1,2,2,2,2,2,3,1,1,2,1,1,2,2,2,3,1,1,1,2,1,1,1,0,0,0,0,0,0,11
75,0,0,0,0,0,0,0,0,0,0,0,0,0,8,8,6,4,4,8,8,4,4,5,5,4,8,8,8,4,4,4,6,6,6,14,12,8,13,14,11,8,9,7,11,9,7,14,14,14,8,8,8,11,11,11,7,6,4,7,7,6,4,6,3,6,5,3,3,7,7,7,4,4,4,6,6,6,2,2,2,1,3,1,2,2,1,1,2,3,1,0,1,1,2,2,2,3,2,3,1,1,2,1,2,2,3,2,3,1,1,1,2,2,2,1,0,1,0,0,0,0,12
76,0,0,0,0,0,0,0,0,0,0,0,0,0,8,8,6,5,5,8,8,5,4,5,5,4,8,8,8,5,5,4,6,6,6,14,11,8,14,14,11,8,8,7,11,9,7,14,14,14,8,8,8,11,11,11,7,7,5,7,7,6,5,6,4,6,5,3,3,7,7,7,4,4,4,6,6,6,3,2,2,1,3,2,2,1,1,1,2,3,2,1,1,1,2,2,2,3,2,3,1,1,1,1,2,2,3,2,3,1,1,1,2,2,2,1,0,1,0,1,0,0,13
77,0,0,0,0,0,0,0,0,0,0,0,0,0,8,8,6,5,4,8,8,5,4,5,5,3,8,8,7,5,5,5,6,6,5,15,12,8,15,15,12,9,10,7,12,10,7,14,14,14,8,9,8,12,12,12,8,7,5,8,8,5,4,6,3,5,5,3,3,6,7,7,4,4,3,6,5,6,3,2,3,2,3,2,2,2,1,1,3,3,3,2,1,1,2,1,2,3,2,3,2,1,2,1,2,2,3,3,3,1,1,1,2,2,2,0,0,1,0,1,0,0,11
78,0,0,0,0,0,0,0,0,0,0,0,0,0,8,8,7,5,5,8,8,5,4,5,5,4,8,8,8,5,5,5,7,7,7,16,13,9,15,15,13,9,10,7,12,10,8,15,15,15,9,9,9,13,13,13,8,7,5,7,7,6,4,6,4,6,5,3,3,7,7,7,4,4,4,6,6,6,2,2,2,2,3,1,2,2,1,1,3,3,3,1,1,0,1,2,2,2,2,3,2,2,2,2,2,2,3,3,3,2,1,1,1,2,1,0,0,0,0,1,0,0,12
79,0,0,0,0,0,0,0,0,0,0,0,0,0,10,10,7,5,5,9,9,5,4,6,6,4,9,9,8,5,5,5,7,6,7,16,13,10,13,15,13,9,10,7,12,9,8,15,15,15,9,9,9,13,13,12,9,7,5,8,8,7,5,7,4,6,5,4,4,8,8,8,4,4,5,6,6,6,3,2,2,1,3,1,2,2,1,1,3,3,2,1,1,1,2,2,2,2,2,2,2,1,2,2,2,1,2,3,2,2,1,0,1,2,2,0,0,0,0,0,0,0,12
80,0,0,0,0,0,0,0,0,0,0,0,0,0,10,10,8,5,5,10,9,4,4,6,6,4,9,9,8,5,5,5,6,7,7,17,13,10,15,15,13,10,10,7,12,10,8,15,15,15,9,10,10,13,13,13,8,7,5,8,8,7,5,7,3,7,5,4,4,8,8,8,4,4,5,6,6,5,3,2,2,1,3,1,2,2,1,1,3,3,3,1,1,1,2,2,2,3,2,3,2,2,2,1,2,2,3,3,3,2,2,2,2,2,2,0,0,0,0,0,0,0,13
81,0,0,0,0,0,0,0,0,0,0,0,0,0,8,10,8,5,5,10,9,5,4,5,6,4,9,9,9,5,5,5,7,7,7,17,14,10,15,16,14,10,10,8,13,10,8,16,16,16,9,10,10,13,13,13,9,7,5,8,8,6,5,7,4,6,5,4,4,8,8,7,4,4,5,6,6,6,2,1,3,2,2,1,2,2,1,0,3,3,3,2,1,1,2,2,1,3,3,3,2,2,2,1,3,3,2,3,3,1,2,2,2,2,2,1,1,1,0,0,0,0,15
82,0,0,0,0,0,0,0,0,0,0,0,0,0,10,10,8,6,6,10,10,6,5,6,6,5,10,10,9,5,5,5,7,7,7,16,14,10,15,16,12,10,11,7,13,10,8,15,16,15,9,10,10,12,13,14,9,7,5,8,8,7,5,7,4,7,5,4,4,8,8,8,4,4,5,7,7,6,3,3,2,2,3,2,3,3,1,1,3,3,3,1,2,2,3,2,2,3,2,3,2,1,2,1,2,2,3,3,3,2,2,1,2,1,2,1,1,1,1,0,1,0,14
83,0,0,0,0,0,0,0,0,0,0,0,0,0,10,9,7,5,5,9,9,6,4,6,6,5,10,10,9,5,5,5,6,7,7,18,14,11,17,17,14,11,11,8,13,11,9,17,17,17,9,10,10,13,13,14,10,8,6,9,9,8,5,7,4,7,6,4,4,9,9,9,5,5,5,7,7,7,3,3,3,2,3,2,3,2,1,1,3,3,3,1,2,1,3,2,2,1,1,2,2,0,2,1,2,2,2,2,3,1,1,1,1,2,2,1,1,0,1,1,1,0,14
84,0,0,0,0,0,0,0,0,0,0,0,0,0,9,10,8,6,6,10,10,6,5,6,6,5,10,10,9,5,5,5,7,7,7,18,14,11,17,16,14,11,11,8,13,11,9,17,17,17,10,11,10,14,14,14,10,7,5,8,8,8,5,7,4,7,5,4,4,9,9,8,4,4,5,7,7,7,5,3,4,3,4,2,3,3,2,2,4,4,4,1,2,2,3,3,3,2,1,2,1,1,1,1,2,1,2,1,3,1,1,1,1,1,1,2,1,1,1,1,1,0,14
85,0,0,0,0,0,0,0,0,0,0,0,0,0,10,10,8,6,6,10,10,6,5,6,6,5,10,9,9,5,5,5,7,7,7,19,15,11,18,18,15,10,12,9,14,12,9,18,18,17,10,11,11,15,15,15,10,8,6,9,9,8,5,7,4,7,6,4,4,8,9,8,5,5,5,7,7,7,4,3,4,2,5,2,2,3,2,1,3,3,3,2,2,2,2,2,3,2,1,2,1,1,2,1,1,1,1,1,2,1,1,1,0,1,1,2,2,1,0,1,1,0,13
86,0,0,0,0,0,0,0,0,0,0,0,0,0,9,10,8,6,6,10,10,6,4,6,5,5,10,10,9,6,6,5,7,8,7,18,14,12,18,18,15,11,12,9,15,12,9,18,18,17,11,11,11,14,14,15,11,9,6,10,10,8,6,8,5,8,7,4,4,9,9,9,5,5,6,8,8,8,3,3,3,2,5,2,3,3,2,2,3,3,3,2,2,2,3,3,2,2,1,2,1,1,2,1,2,2,2,2,2,1,1,1,2,2,1,2,2,1,1,1,1,0,12
87,0,0,0,0,0,0,0,0,0,0,0,0,0,9,10,8,6,6,10,10,6,5,6,6,5,10,10,9,5,6,5,7,8,7,19,15,11,18,18,15,11,11,9,15,12,9,18,17,18,11,11,11,15,15,15,11,9,6,10,10,8,6,7,5,8,7,5,5,9,9,9,5,5,6,8,8,8,4,3,3,2,4,2,3,3,2,2,4,4,4,2,2,2,3,3,3,3,2,3,0,1,2,1,2,2,3,1,2,1,0,1,2,2,2,2,0,1,1,0,0,0,12
88,0,0,0,0,0,0,0,0,0,0,0,0,0,10,10,8,6,5,9,9,6,5,6,6,5,9,9,9,5,5,5,7,8,7,20,16,12,18,18,16,12,12,9,15,12,10,18,18,17,11,12,12,16,16,16,11,8,6,9,10,8,6,8,5,8,7,5,4,9,9,9,5,5,6,8,8,8,5,3,4,2,4,2,3,3,1,2,4,4,3,2,2,2,3,2,2,2,2,3,1,1,2,1,2,2,2,3,2,1,1,1,2,2,2,2,0,0,1,0,0,0,10
89,0,0,0,0,0,0,0,0,0,0,0,0,0,10,9,8,6,6,10,10,6,5,6,6,5,10,10,10,6,6,5,7,7,7,20,14,11,18,17,16,12,11,9,14,12,10,17,18,18,11,11,12,16,16,15,11,9,6,9,10,8,6,8,5,8,7,5,5,9,8,9,5,5,6,8,8,8,4,2,2,2,3,1,3,3,1,1,3,3,3,2,1,2,2,2,1,3,2,3,2,2,2,2,2,2,3,3,3,2,2,2,2,2,2,2,0,0,1,0,0,0,10
90,0,0,0,0,0,0,0,0,0,0,0,0,0,10,9,8,6,6,10,10,5,4,6,5,5,9,10,9,6,5,5,7,7,7,20,16,12,19,19,16,12,12,9,15,12,10,19,18,18,11,12,12,16,16,16,10,9,6,9,10,8,6,8,5,8,6,4,5,9,9,9,5,5,6,8,7,7,4,2,2,2,3,2,2,1,1,1,3,3,3,2,1,1,2,2,2,3,2,3,2,2,3,2,3,3,3,2,3,2,2,2,3,3,2,0,0,0,1,0,0,0,11
91,0,0,0,0,0,0,0,0,0,0,0,0,0,10,9,8,6,6,9,10,5,5,6,6,5,10,10,9,6,5,5,7,7,7,20,16,12,18,19,16,12,11,9,15,12,10,18,19,19,11,12,12,16,15,15,10,9,6,10,10,8,6,8,5,8,7,5,5,10,10,9,5,5,5,8,7,8,4,3,3,2,3,2,3,3,1,1,3,3,3,2,2,2,2,2,2,4,3,3,2,2,3,2,2,3,4,4,3,2,2,2,3,3,3,0,0,0,1,0,0,0,9
92,0,0,0,0,0,0,0,0,0,0,0,0,0,10,10,8,6,6,9,9,5,5,6,6,5,9,10,9,6,5,5,7,7,7,19,16,12,19,19,16,12,12,9,15,12,10,18,18,19,11,12,12,16,16,16,11,9,6,10,10,8,6,8,5,8,7,5,5,9,9,9,5,5,6,8,8,8,4,3,3,2,4,2,2,2,2,2,4,2,3,2,2,2,3,3,3,4,3,4,2,2,3,2,3,3,3,4,4,1,1,2,2,3,3,0,0,0,0,0,0,0,9
93,0,0,0,0,0,0,0,0,0,0,0,0,0,10,10,8,6,6,10,10,6,5,6,6,5,10,8,9,6,5,5,7,6,7,21,17,12,20,20,17,12,13,10,16,13,10,20,20,20,12,12,12,16,16,16,10,9,6,10,10,7,5,8,5,8,7,5,5,10,9,9,5,4,6,7,8,8,4,3,3,2,4,2,3,3,2,2,4,3,3,2,2,2,3,3,3,4,2,3,2,2,3,2,2,3,3,4,2,2,2,2,2,2,2,0,0,0,0,0,0,0,11
94,0,0,0,0,0,0,0,0,0,0,0,0,0,10,10,8,6,6,10,10,6,4,7,6,4,10,10,10,6,6,6,7,8,8,21,17,12,20,20,17,12,13,10,16,13,10,20,20,20,12,12,12,17,16,16,10,8,6,10,10,8,6,8,5,8,7,5,5,9,9,9,6,5,6,8,8,8,5,2,4,3,5,2,3,3,2,2,4,4,4,2,2,2,3,3,3,4,3,3,2,2,3,2,3,3,3,3,3,2,2,2,2,2,2,1,0,0,0,0,0,0,12
95,0,0,0,0,0,0,0,0,0,0,0,0,0,10,10,8,6,6,10,10,6,5,7,6,5,10,10,10,6,6,6,8,8,8,21,17,13,20,20,17,12,13,10,16,13,10,20,20,20,12,12,12,17,17,17,11,9,6,10,10,8,6,8,5,8,7,5,5,10,10,10,5,5,6,8,8,8,5,4,4,3,5,3,4,4,2,2,5,5,3,2,2,2,3,4,4,3,2,3,2,2,3,2,2,3,3,3,3,2,2,1,2,2,2,1,0,0,0,0,0,0,17
96,0,0,0,0,0,0,0,0,0,0,0,0,0,10,10,8,6,6,10,10,6,5,6,7,5,10,10,10,6,6,6,8,8,8,22,17,13,21,20,17,13,14,10,16,14,10,20,20,20,12,13,13,17,17,17,11,9,6,10,10,8,6,8,5,9,7,5,5,10,10,10,6,6,6,8,8,8,6,5,5,3,4,2,4,4,1,2,5,5,5,3,3,3,4,3,3,4,3,4,2,2,3,2,3,3,3,4,3,2,2,2,3,3,3,1,1,1,0,0,0,0,16
97,0,0,0,0,0,0,0,0,0,0,0,0,0,10,10,8,6,6,10,10,6,4,7,6,5,9,9,10,6,5,6,7,7,8,23,18,14,21,21,18,14,14,10,17,14,11,21,21,21,13,13,13,18,18,18,11,9,7,10,10,8,6,9,5,9,7,5,5,9,10,10,6,6,6,9,9,9,5,5,5,3,5,3,4,4,2,2,5,5,5,3,2,3,4,4,4,5,4,5,3,3,2,2,1,3,4,4,4,2,2,2,2,2,3,0,0,0,0,0,1,0,18
98,0,0,0,0,0,0,0,0,0,0,0,0,0,11,10,8,6,6,10,10,6,5,7,7,4,10,9,10,6,6,6,8,8,8,23,18,14,22,22,18,14,14,11,17,14,11,21,21,21,13,14,14,18,18,18,11,9,7,10,10,8,6,9,5,8,7,5,5,10,10,10,6,6,6,9,8,8,6,5,5,3,6,3,5,5,3,2,5,5,5,3,3,3,5,5,5,5,4,5,2,3,3,2,3,3,4,4,4,2,2,2,3,3,3,0,0,1,0,0,1,0,18
99,0,0,0,0,0,0,0,0,0,0,0,0,0,11,11,9,6,6,11,11,5,5,7,7,5,11,11,11,6,6,6,9,9,8,23,18,14,22,22,18,13,14,11,16,14,11,22,21,21,13,14,14,17,18,18,12,9,7,11,11,9,7,9,5,9,7,5,5,11,10,10,6,6,7,9,9,9,6,5,5,3,6,3,5,5,3,3,6,5,5,3,3,3,5,5,5,5,4,5,3,2,3,2,3,3,4,4,4,2,2,2,3,3,3,1,1,0,1,0,1,0,17
100,0,0,0,0,0,0,0,0,0,0,0,0,0,11,11,9,7,7,11,11,7,5,7,7,5,11,11,11,7,7,7,9,9,8,23,19,14,22,22,19,14,14,11,17,14,11,22,21,22,13,14,14,19,19,19,13,9,7,11,11,9,7,9,6,9,7,5,5,11,11,11,6,6,7,9,9,9,6,5,6,3,6,2,5,5,3,3,6,6,6,3,3,3,5,5,5,3,3,4,3,1,3,2,3,3,3,3,4,2,2,2,3,3,3,1,0,1,0,0,0,0,17
101,0,0,0,0,0,0,0,0,0,0,0,0,0,11,11,9,6,7,11,11,7,5,7,7,5,11,11,11,7,6,7,9,9,9,24,19,14,23,23,19,14,15,11,18,15,12,22,22,22,13,14,14,19,19,19,13,9,7,11,9,9,7,9,6,9,7,5,4,11,11,11,7,7,6,8,9,9,7,6,6,4,7,4,5,5,3,3,7,7,7,4,4,4,5,5,5,2,3,4,3,2,2,1,3,2,3,2,3,2,2,2,2,2,3,1,0,0,0,0,0,0,17
102,0,0,0,0,0,0,0,0,0,0,0,0,0,12,12,9,7,7,12,12,7,6,8,8,5,11,10,11,7,7,7,9,9,9,24,19,14,23,23,19,14,15,11,18,15,12,23,23,22,13,14,14,19,19,19,12,9,7,10,11,9,7,9,5,9,7,5,5,11,11,10,7,6,7,9,9,9,7,5,6,4,7,4,5,6,3,3,7,7,7,4,4,4,6,5,5,3,3,3,2,2,3,1,3,3,2,3,3,2,2,2,3,2,2,1,0,1,0,0,0,0,17
103,0,0,0,0,0,0,0,0,0,0,0,0,0,12,12,10,7,7,12,11,7,6,8,8,6,12,12,12,7,7,7,9,9,9,25,20,15,23,23,20,15,15,11,19,15,12,23,23,23,14,15,15,20,20,20,12,10,7,11,11,9,7,9,6,9,6,5,5,11,11,11,7,6,7,9,9,9,7,5,6,3,7,4,5,6,3,3,7,7,7,4,4,4,6,5,5,3,3,3,2,2,3,2,3,3,3,3,3,2,2,2,2,1,2,1,1,1,0,0,0,0,19
104,0,0,0,0,0,0,0,0,0,0,0,0,0,13,13,10,8,7,13,13,7,6,8,8,6,13,13,12,7,7,7,9,10,10,25,20,15,24,24,20,15,16,12,19,16,12,24,23,24,14,15,15,20,20,20,13,10,7,10,11,9,7,9,6,9,8,5,5,11,11,11,7,7,7,9,9,9,7,6,6,4,7,4,6,6,3,3,7,7,7,4,4,4,6,6,6,3,2,4,1,2,3,2,3,2,3,3,3,2,1,1,2,3,2,0,0,1,0,0,0,0,20
105,0,0,0,0,0,0,0,0,0,0,0,0,0,13,13,11,8,8,13,13,8,6,9,9,6,13,13,13,8,8,8,10,10,10,26,21,15,23,24,21,15,16,12,19,16,13,24,23,24,14,15,15,21,21,21,13,10,7,11,11,10,7,10,6,10,8,5,5,11,11,10,6,7,6,10,8,9,8,6,7,4,8,4,6,6,3,3,7,7,7,4,4,4,6,6,6,4,4,4,2,2,3,2,3,3,4,4,4,2,2,2,3,3,3,2,1,1,1,1,0,0,18
106,0,0,0,0,0,0,0,0,0,0,0,0,0,14,13,11,8,7,13,13,8,6,9,9,6,13,13,13,7,8,8,11,11,11,25,21,15,25,24,21,15,16,12,19,16,13,24,24,24,14,15,15,21,21,21,13,10,7,11,11,10,7,10,6,10,8,5,5,11,11,11,6,7,7,10,10,10,8,5,7,5,8,5,6,6,4,3,7,8,7,4,4,4,6,6,5,4,4,4,3,2,3,3,3,3,4,4,4,2,1,2,3,2,3,2,2,2,1,1,2,0,18
107,0,0,0,0,0,0,0,0,0,0,0,0,0,12,14,11,8,8,14,14,8,7,9,9,7,13,14,13,8,8,8,11,11,11,26,20,15,25,24,20,15,16,12,19,16,12,23,24,24,14,15,15,20,20,20,13,10,7,11,11,10,7,10,6,9,8,5,5,11,11,11,7,7,7,9,9,8,8,7,7,5,8,5,7,6,4,4,8,8,8,4,4,4,6,6,6,5,4,4,2,2,3,2,3,3,4,4,4,2,2,2,3,3,3,3,2,3,1,1,2,0,20
108,0,0,0,0,0,0,0,0,0,0,0,0,0,15,15,12,9,9,15,15,8,7,9,9,7,14,14,14,8,8,8,11,11,11,26,20,15,25,23,20,15,16,11,19,16,13,24,24,23,14,15,14,19,19,19,13,10,7,11,11,10,7,10,6,9,8,5,5,11,11,11,7,7,7,10,10,9,9,7,8,5,9,5,7,7,4,4,9,8,8,5,5,5,7,7,7,5,4,5,3,3,3,1,3,3,4,4,4,2,2,2,3,3,3,1,2,3,0,1,1,0,19
109,0,0,0,0,0,0,0,0,0,0,0,0,0,15,15,12,8,8,15,15,8,7,9,9,7,14,14,14,8,8,8,11,11,11,26,20,15,25,24,20,15,16,12,19,16,12,24,24,24,14,15,14,20,20,19,13,10,8,12,12,10,7,10,6,10,8,6,5,12,12,12,7,6,7,10,10,9,10,7,8,6,9,6,7,7,4,4,9,9,9,5,5,5,7,7,7,5,3,5,3,3,3,3,3,3,5,5,4,2,2,2,3,3,2,1,2,1,1,1,1,0,19
110,0,0,0,0,0,0,0,0,0,0,0,0,0,15,15,12,9,9,15,15,9,7,10,10,7,14,15,15,9,8,8,11,11,11,25,20,15,24,24,20,15,16,12,19,16,12,23,22,24,14,15,15,20,20,20,13,10,8,11,12,10,7,10,6,10,8,6,5,12,11,12,7,7,7,10,10,10,10,8,8,6,10,5,6,7,4,4,9,9,9,4,5,5,7,7,7,5,4,5,3,3,3,3,3,3,5,5,4,2,2,2,3,2,3,1,2,0,0,1,1,0,18
111,0,0,0,0,0,0,0,0,0,0,0,0,0,15,15,12,9,9,15,14,8,7,9,10,7,15,15,15,9,9,8,11,11,11,26,21,15,25,25,21,15,15,12,20,16,13,25,25,25,14,15,15,21,21,21,11,10,7,12,12,9,7,9,6,10,8,6,5,12,10,11,7,6,7,10,10,10,8,7,7,6,10,4,7,7,4,4,9,8,7,5,5,4,7,7,7,5,4,4,3,3,3,2,3,3,5,4,5,3,2,1,3,3,3,0,0,0,0,1,1,0,19
112,0,0,0,0,0,0,0,0,0,0,0,0,0,15,14,12,9,9,15,15,8,7,9,10,6,14,14,14,9,8,8,11,11,11,27,21,16,25,25,21,16,17,12,20,17,13,25,25,25,15,16,16,21,21,21,12,10,7,11,11,9,7,9,6,10,8,6,5,11,11,11,7,6,7,9,9,10,9,7,8,6,10,5,7,7,4,4,8,7,8,5,5,5,7,7,7,4,4,4,3,2,3,2,3,3,3,3,4,2,2,2,3,3,3,0,0,0,0,0,0,0,19
113,0,0,0,0,0,0,0,0,0,0,0,0,0,15,15,12,9,9,15,15,9,7,10,9,7,14,14,13,9,8,8,11,11,11,27,22,16,26,26,22,16,17,13,21,17,13,26,26,26,15,16,16,22,22,22,13,10,7,11,11,9,7,9,6,10,8,6,5,11,11,11,7,7,7,9,9,9,8,7,8,6,10,5,7,7,4,4,9,8,9,4,5,5,7,7,6,5,4,5,3,3,3,3,3,3,4,4,4,2,2,2,3,3,3,1,0,1,0,0,0,0,20
114,0,0,0,0,0,0,0,0,0,0,0,0,0,15,15,12,9,9,15,15,9,7,10,10,7,14,14,14,7,8,8,11,11,11,28,22,17,26,26,22,17,17,13,21,17,14,26,26,26,16,17,16,22,22,22,13,10,7,11,11,10,7,10,6,9,8,5,5,11,11,11,7,7,7,10,9,9,10,8,7,6,10,6,8,8,4,4,9,9,9,5,5,5,8,8,8,5,3,4,2,2,3,2,3,2,4,3,4,2,2,2,2,3,3,2,1,2,1,1,1,0,20
115,0,0,0,0,0,0,0,0,0,0,0,0,0,15,15,12,9,9,15,15,9,7,10,10,7,14,14,14,9,9,8,12,12,11,28,22,17,27,27,22,17,18,13,21,18,14,27,26,26,16,17,17,22,22,22,13,10,7,11,11,10,7,10,6,10,8,5,5,11,11,11,6,7,7,10,9,9,10,8,9,6,10,6,8,8,5,5,10,10,9,5,5,5,7,8,8,5,3,3,2,2,3,2,3,3,4,3,4,2,2,2,3,3,2,1,1,2,0,0,1,0,21
116,0,0,0,0,0,0,0,0,0,0,0,0,0,15,15,11,8,9,15,15,9,7,10,10,7,14,15,14,8,9,8,12,12,11,27,22,17,27,27,22,17,18,13,21,18,14,26,27,26,16,17,17,22,22,22,13,10,8,12,12,10,7,10,6,10,8,6,5,11,11,11,7,7,7,10,10,10,10,7,8,5,10,6,8,8,5,4,10,9,9,5,5,5,8,8,8,5,4,5,2,2,3,2,3,3,4,4,4,2,2,2,3,3,2,1,1,2,1,0,1,0,20
117,0,0,0,0,0,0,0,0,0,0,0,0,0,15,15,10,9,9,15,15,9,7,10,10,7,15,14,14,8,8,8,11,12,11,29,23,17,27,27,23,17,18,13,21,18,14,27,27,27,16,17,17,23,23,23,12,9,8,12,11,10,7,10,6,10,8,6,6,12,11,11,7,7,7,9,10,10,10,8,9,6,10,6,8,8,5,5,10,10,9,5,5,5,8,8,8,4,4,5,3,3,2,3,3,3,4,5,4,3,2,2,3,3,3,3,2,2,1,1,2,0,19
118,0,0,0,0,0,0,0,0,0,0,0,0,0,15,15,12,9,9,15,15,9,7,10,10,7,15,14,14,8,8,8,11,12,11,30,24,18,28,28,24,17,18,14,22,18,15,28,28,28,16,17,17,24,24,24,13,10,8,12,11,9,7,10,6,10,8,6,5,11,11,11,7,7,7,9,9,10,10,8,8,6,10,6,8,8,5,5,10,10,9,5,5,5,8,8,8,5,4,4,3,2,3,3,3,3,5,4,5,2,2,2,2,3,3,2,1,2,1,1,1,0,20
119,0,0,0,0,0,0,0,0,0,0,0,0,0,15,15,12,9,9,15,15,9,7,10,10,7,15,15,14,8,8,8,11,11,11,30,24,18,29,29,24,18,19,14,23,19,15,29,28,28,17,18,18,24,24,24,13,9,8,11,11,10,7,10,6,10,8,6,5,11,10,11,7,7,7,10,10,9,10,8,9,6,10,6,8,8,5,5,10,10,10,6,6,6,8,8,8,5,4,5,2,3,3,3,3,3,4,5,5,2,2,2,3,3,3,1,2,2,1,0,1,0,20
120,0,0,0,0,0,0,0,0,0,0,0,0,0,14,15,11,9,9,15,14,9,7,8,10,7,14,15,15,9,8,9,11,12,11,31,25,19,29,29,25,19,19,14,23,19,15,29,29,29,17,19,18,25,25,25,13,10,8,11,11,10,7,10,6,10,8,6,5,11,11,11,7,7,7,10,10,10,11,9,9,6,11,6,8,8,5,5,10,10,10,6,6,6,8,8,8,5,4,5,3,2,3,3,3,3,4,4,5,2,2,2,3,3,2,0,2,1,1,0,1,0,18
121,0,0,0,0,0,0,0,0,0,0,0,0,0,15,15,12,9,9,15,15,9,7,10,10,7,14,14,15,9,8,9,11,11,11,31,25,19,29,29,25,19,19,14,23,19,15,29,29,29,16,19,19,25,25,25,13,11,8,11,12,10,8,10,6,9,9,6,6,12,12,12,6,7,8,10,9,10,11,8,9,6,10,6,9,8,5,5,10,9,10,6,6,6,8,8,8,5,4,5,3,3,3,3,3,3,4,5,5,3,3,2,3,3,3,0,2,0,1,0,1,0,17
122,0,0,0,0,0,0,0,0,0,0,0,0,0,16,16,12,9,9,16,16,9,7,10,10,7,15,15,15,9,9,9,12,12,12,31,24,19,30,29,24,19,19,14,22,19,15,29,28,29,17,19,19,25,24,24,13,10,6,12,12,10,8,10,6,10,8,6,6,12,12,12,7,7,8,10,10,10,11,8,9,6,11,6,9,8,5,5,10,10,10,6,6,6,8,8,8,5,4,5,3,3,3,3,3,3,5,5,5,3,3,2,3,3,3,0,2,0,1,0,0,0,14
123,0,0,0,0,0,0,0,0,0,0,0,0,0,15,15,12,9,9,16,15,9,8,10,10,7,16,16,16,9,9,7,12,11,12,31,25,18,30,29,25,19,19,14,23,19,15,29,29,29,17,19,18,25,25,24,14,11,8,12,12,11,8,11,6,11,9,6,6,12,12,12,7,7,8,11,11,11,11,9,9,6,10,6,9,9,5,5,10,9,10,6,6,6,8,9,8,5,4,4,3,3,4,3,3,3,5,5,4,2,2,2,3,3,3,0,1,0,1,0,0,0,13
124,0,0,0,0,0,0,0,0,0,0,0,0,0,16,14,12,9,9,16,15,9,8,10,10,7,16,15,14,9,9,9,12,12,11,31,25,19,30,29,25,19,20,14,23,19,15,29,29,29,17,19,19,25,25,25,14,11,8,13,13,11,8,11,6,11,9,6,6,13,13,13,7,7,8,11,11,11,11,9,9,6,11,6,9,9,5,5,10,10,10,6,6,6,9,8,9,5,4,4,3,3,3,3,3,3,4,5,5,3,2,2,2,3,3,1,0,0,1,0,0,0,13
125,0,0,0,0,0,0,0,0,0,0,0,0,0,16,16,13,9,9,16,16,9,8,10,10,8,16,16,16,9,9,9,13,13,13,31,25,19,30,30,25,19,20,15,23,19,15,29,29,29,17,19,19,24,25,25,15,11,9,14,13,11,7,11,6,11,9,7,7,13,13,13,8,8,8,11,11,11,11,9,10,7,11,6,9,9,5,5,11,10,11,6,6,6,8,9,9,4,4,4,2,2,3,2,3,2,4,3,4,3,2,2,3,3,3,1,0,1,0,0,0,0,14
126,0,0,0,0,0,0,0,0,0,0,0,0,0,16,15,13,10,9,15,16,9,8,11,11,7,16,16,16,10,10,9,13,13,13,31,25,19,29,28,25,19,19,15,23,19,15,29,29,29,17,19,17,25,25,25,15,11,9,14,13,11,8,11,7,11,9,7,7,13,13,13,8,7,8,11,11,11,12,9,10,7,12,7,9,9,5,5,11,11,11,7,7,7,9,9,9,4,4,5,3,3,3,2,2,3,4,3,4,3,2,2,3,3,3,1,1,1,0,0,1,0,15
127,0,0,0,0,0,0,0,0,0,0,0,0,0,16,15,13,9,9,16,15,9,8,11,10,8,16,16,15,10,10,8,13,13,13,31,25,19,30,30,25,19,20,15,23,20,15,29,29,29,17,19,18,25,25,25,15,11,9,14,12,11,8,11,6,11,9,7,7,12,12,13,8,8,8,11,11,11,12,10,11,7,12,7,10,10,5,5,11,11,11,7,7,7,9,9,9,4,4,4,3,3,3,2,3,3,4,4,4,3,2,2,3,3,3,0,1,0,0,0,0,0,15
128,0,0,0,0,0,0,0,0,0,0,0,0,0,16,16,13,9,9,16,16,9,8,10,10,8,16,14,16,9,10,8,10,12,13,32,26,19,31,30,26,19,20,15,24,20,16,30,30,30,18,19,19,25,26,26,15,12,9,14,14,11,8,11,7,11,9,7,7,13,13,13,8,8,8,11,11,11,11,10,11,7,12,6,10,10,5,5,11,10,11,7,7,7,10,10,10,3,3,4,2,3,3,2,3,3,3,3,2,3,2,2,3,2,3,0,0,0,0,0,0,0,17
129,0,0,0,0,0,0,0,0,0,0,0,0,0,16,16,13,10,10,16,16,10,8,11,11,8,16,16,16,10,9,9,13,13,13,32,25,19,31,31,26,19,20,15,24,20,16,31,31,30,18,19,19,26,25,26,15,12,9,14,14,12,8,12,7,11,10,7,7,14,14,14,8,8,8,12,11,11,12,10,11,7,12,7,10,10,6,6,11,11,11,7,7,6,9,10,10,3,2,4,2,2,3,2,3,2,3,3,3,2,2,2,2,2,3,0,0,0,0,0,0,0,16
130,0,0,0,0,0,0,0,0,0,0,0,0,0,17,16,12,10,10,15,16,9,8,10,11,8,16,16,14,9,10,10,13,12,13,33,26,20,31,31,26,20,21,15,25,21,16,31,31,31,18,20,20,26,25,26,16,13,10,14,14,12,8,12,7,12,10,7,7,14,14,14,8,8,9,12,12,11,13,11,12,8,13,8,10,10,6,6,12,12,12,7,7,7,10,10,10,3,3,3,2,2,3,2,3,3,3,3,3,2,2,2,2,2,3,0,0,0,0,0,0,0,15
131,0,0,0,0,0,0,0,0,0,0,0,0,0,17,17,13,10,10,17,17,10,8,11,11,8,17,17,16,10,10,10,13,13,13,34,27,20,31,31,27,20,20,15,25,21,16,31,31,31,19,20,20,27,27,27,16,13,10,13,13,12,8,12,7,12,10,7,7,14,14,13,8,8,8,12,12,11,15,11,12,8,14,8,11,11,7,7,14,14,14,8,8,8,11,11,11,4,3,4,2,1,3,2,3,3,4,4,3,2,2,1,3,3,3,0,0,0,0,0,0,0,16
132,0,0,0,0,0,0,0,0,0,0,0,0,0,17,17,14,10,10,17,17,10,8,11,11,8,17,17,17,10,10,10,14,13,13,34,27,20,31,31,27,20,21,15,25,21,16,31,31,31,19,20,20,27,27,27,17,13,10,15,15,13,9,13,8,13,10,7,7,15,15,15,9,9,9,12,12,12,14,11,13,9,14,8,11,11,7,7,14,14,14,8,7,8,11,11,11,3,3,4,2,2,3,2,3,2,3,3,3,2,2,2,2,2,2,0,0,0,0,0,0,0,15
133,0,0,0,0,0,0,0,0,0,0,0,0,0,18,18,14,10,10,18,18,10,8,12,12,9,18,17,17,10,10,10,14,14,14,35,28,21,32,32,27,20,21,16,26,21,17,32,32,32,19,20,20,27,27,27,17,14,10,15,15,13,10,12,8,13,11,7,7,15,15,15,9,9,10,13,13,13,15,11,12,9,15,9,11,11,7,7,13,13,14,8,8,8,11,11,11,4,3,3,2,2,3,2,3,3,4,3,3,2,2,2,3,3,3,0,0,0,0,0,0,0,16
134,0,0,0,0,0,0,0,0,0,0,0,0,0,18,18,14,11,11,18,18,10,9,12,12,9,18,18,18,10,10,10,14,14,14,35,28,21,32,31,28,21,21,14,25,21,17,32,32,32,19,21,21,27,27,27,17,14,10,15,15,13,10,13,8,13,11,7,7,15,15,15,9,9,10,13,13,13,15,10,12,9,14,9,11,11,6,7,13,13,13,7,8,8,11,11,11,5,4,5,3,3,3,2,3,3,4,4,4,2,2,2,3,3,3,0,0,0,0,0,0,0,16
135,0,0,0,0,0,0,0,0,0,0,0,0,0,18,18,14,11,10,18,18,10,9,12,12,9,18,18,16,10,10,10,14,14,14,35,28,21,32,32,28,21,21,16,26,21,17,31,32,32,19,21,21,27,27,27,17,14,10,15,15,13,9,13,8,12,11,8,7,15,15,15,9,8,10,12,13,12,15,8,13,8,14,9,10,10,6,7,12,12,12,8,8,8,11,11,11,5,4,5,3,3,3,3,3,3,5,4,4,2,2,2,3,3,3,0,0,0,0,0,0,0,16
136,0,0,0,0,0,0,0,0,0,0,0,0,0,18,18,14,11,11,18,18,11,9,12,12,9,18,18,18,10,10,10,14,14,14,35,27,20,32,32,28,20,21,15,26,21,16,32,32,32,19,21,21,27,27,27,17,14,10,15,15,13,10,13,8,13,11,8,7,15,15,15,9,9,10,13,13,13,14,11,12,8,13,9,11,11,6,7,13,13,13,8,8,8,11,11,11,4,4,4,3,2,3,3,3,3,5,4,4,2,1,2,3,3,3,0,0,0,0,0,0,0,18
137,0,0,0,0,0,0,0,0,0,0,0,0,0,18,18,14,10,10,18,18,10,9,12,12,9,18,17,18,11,10,10,14,14,14,35,28,21,32,32,27,21,21,16,25,21,17,32,32,32,18,20,20,26,26,27,18,13,10,16,16,13,10,13,8,13,11,8,8,16,16,16,9,9,10,13,13,13,15,11,13,8,14,9,11,11,7,7,14,14,14,8,8,8,11,11,11,5,4,4,3,2,3,2,3,3,4,4,4,2,2,2,3,3,3,0,0,0,0,0,0,0,17
138,0,0,0,0,0,0,0,0,0,0,0,0,0,18,18,14,10,10,16,17,10,8,12,11,9,18,18,18,11,10,10,14,14,14,36,28,21,33,33,28,21,22,16,27,22,17,33,33,33,20,21,21,28,28,28,17,14,10,16,16,13,10,13,8,13,10,8,8,15,16,15,9,9,10,13,13,13,15,11,12,9,15,9,11,11,7,7,14,14,14,8,8,8,11,11,11,5,4,5,3,3,3,2,3,3,3,4,4,1,2,2,3,3,3,0,0,0,0,0,0,0,18
139,0,0,0,0,0,0,0,0,0,0,0,0,0,18,18,14,11,11,18,18,11,9,12,12,9,18,18,18,10,10,10,14,14,14,36,29,22,34,34,29,22,23,17,27,23,18,34,34,34,20,21,21,29,29,29,18,14,11,16,16,13,10,13,8,13,11,8,8,16,16,16,9,9,10,13,13,13,14,11,13,9,15,9,12,12,7,6,13,14,13,8,8,8,10,11,11,5,4,5,3,3,3,3,4,3,5,4,5,3,3,2,3,3,2,0,0,0,0,0,0,0,17
140,0,0,0,0,0,0,0,0,0,0,0,0,0,18,18,14,11,11,17,17,10,9,12,12,8,18,17,18,11,11,11,15,15,15,37,30,22,35,35,30,22,22,17,28,23,18,35,35,35,21,22,22,30,30,30,18,14,10,16,16,13,10,13,8,13,10,7,8,15,16,15,7,9,10,12,13,13,15,12,13,9,15,9,11,12,7,7,14,14,14,8,8,8,11,11,11,5,4,5,3,3,4,3,4,4,4,5,5,2,3,3,3,3,3,0,0,0,0,0,0,0,17
141,0,0,0,0,0,0,0,0,0,0,0,0,0,18,18,14,10,11,18,17,10,8,12,12,8,17,17,18,10,10,11,15,15,13,38,30,22,36,36,30,22,24,17,28,23,19,35,35,35,21,22,22,30,29,30,18,14,10,16,16,13,10,13,8,13,10,8,8,15,16,15,9,9,10,13,13,13,15,11,13,9,14,8,11,11,6,6,14,13,13,8,8,7,11,11,11,6,5,6,3,3,5,3,5,5,6,6,6,3,3,3,4,4,4,0,0,0,0,0,0,0,17
142,0,0,0,0,0,0,0,0,0,0,0,0,0,18,18,14,10,11,18,18,10,9,12,12,9,18,17,17,10,10,11,15,14,14,37,30,21,35,36,29,22,23,18,28,24,18,36,36,35,21,21,22,30,30,30,18,13,10,16,16,13,10,13,8,13,11,7,8,16,15,15,9,9,10,13,13,13,14,11,13,9,14,8,11,11,6,7,13,13,13,8,8,8,11,11,11,6,5,6,3,4,5,3,5,5,6,6,6,3,3,3,5,5,4,0,0,0,0,0,0,0,17
143,0,0,0,0,0,0,0,0,0,0,0,0,0,17,18,15,11,10,18,17,11,9,12,12,9,17,18,18,11,11,10,15,14,13,38,30,23,36,36,30,23,23,18,28,24,19,36,36,36,21,23,23,29,30,30,18,14,10,16,16,13,10,13,8,13,11,8,8,16,15,15,9,9,10,13,13,13,14,11,12,8,14,8,11,10,7,7,13,14,13,8,8,7,11,11,11,6,5,6,4,4,5,4,5,5,6,6,6,3,3,3,4,4,4,1,0,1,0,0,0,0,16
144,0,0,0,0,0,0,0,0,0,0,0,0,0,18,18,15,11,11,18,18,11,9,12,12,9,18,18,18,11,11,11,15,15,15,37,30,22,36,36,30,22,23,18,28,24,19,35,35,35,21,23,22,30,30,30,18,14,9,16,16,13,10,13,8,13,10,8,8,16,16,15,9,9,10,13,13,13,14,11,13,8,14,8,11,11,7,6,13,14,14,8,8,7,11,11,11,6,6,6,3,4,5,4,5,4,6,6,6,4,4,3,5,4,5,1,1,1,0,0,0,0,17
145,0,0,0,0,0,0,0,0,0,0,0,0,0,18,19,15,10,10,18,19,11,9,12,12,9,18,17,18,11,11,11,15,15,15,38,31,23,36,36,30,23,24,18,29,23,19,36,36,36,21,23,23,30,30,30,18,14,10,16,16,13,10,13,8,12,11,8,8,16,15,15,9,9,10,13,13,13,14,11,13,8,14,8,11,11,5,6,13,13,13,8,8,7,11,11,11,6,5,6,4,4,5,4,5,5,6,5,6,4,4,3,5,5,4,0,0,1,0,0,0,0,17
146,0,0,0,0,0,0,0,0,0,0,0,0,0,19,19,15,10,11,19,17,11,9,11,12,9,18,18,18,11,11,11,15,15,14,38,31,23,36,36,31,23,24,18,29,24,19,36,36,35,21,23,23,31,31,30,18,14,11,16,16,14,10,13,8,13,11,8,8,16,16,16,9,9,10,13,13,13,14,11,13,8,13,8,11,11,7,7,14,14,13,8,8,7,11,11,11,6,5,6,4,3,5,4,5,5,6,6,5,4,4,4,5,4,4,1,1,1,0,0,1,0,16
147,0,0,0,0,0,0,0,0,0,0,0,0,0,18,18,14,11,11,18,18,11,9,12,12,9,18,18,18,11,11,11,15,13,14,38,31,23,37,36,31,23,24,18,29,24,19,36,37,36,22,23,23,30,30,31,18,14,11,16,15,13,10,13,8,13,11,8,8,16,16,16,9,9,10,13,14,13,14,11,12,8,14,8,11,11,7,7,13,13,13,8,7,8,11,11,11,7,6,6,4,4,5,4,5,4,6,6,6,4,3,4,5,5,5,1,1,1,0,1,1,0,14
148,0,0,0,0,0,0,0,0,0,0,0,0,0,18,17,15,11,10,18,18,10,9,12,12,9,18,18,17,10,11,11,15,14,13,39,31,23,37,37,31,23,24,18,29,24,19,37,37,37,22,23,23,31,31,31,18,14,11,16,16,14,10,13,8,13,11,8,8,15,15,16,9,9,10,14,13,14,15,12,13,9,14,9,12,11,7,7,14,14,14,8,8,8,11,11,11,7,5,7,4,4,5,4,5,5,7,7,6,4,4,4,5,5,4,2,1,1,1,1,2,0,14
149,0,0,0,0,0,0,0,0,0,0,0,0,0,17,18,13,11,10,17,17,10,9,11,12,9,17,18,17,10,10,10,14,14,14,40,32,24,37,37,32,24,25,18,30,24,20,37,37,37,22,24,24,31,31,31,19,15,11,16,16,14,10,14,8,14,11,8,8,16,16,16,10,10,10,14,14,14,15,12,13,9,15,9,12,12,7,7,14,14,14,8,8,8,12,11,11,6,5,6,4,4,5,4,5,5,5,6,6,4,4,4,5,5,5,3,2,2,1,1,2,0,13
150,0,0,0,0,0,0,0,0,0,0,0,0,0,18,17,14,11,11,18,18,11,9,12,11,9,18,18,18,10,10,10,14,13,13,40,32,23,38,38,32,24,25,19,30,25,20,38,38,38,22,24,24,32,32,32,19,15,11,17,17,14,10,14,9,14,12,8,8,16,16,16,10,10,10,14,14,14,15,12,14,9,15,9,12,12,7,7,15,15,14,8,8,8,12,12,12,6,5,7,4,4,5,4,6,6,7,7,7,4,4,4,5,5,5,3,2,3,2,1,1,0,13
151,0,0,0,0,0,0,0,0,0,0,0,0,0,18,17,14,10,11,18,17,11,9,12,12,9,18,18,17,10,10,10,14,14,14,40,32,24,38,38,32,24,25,19,30,25,20,38,37,38,23,24,24,32,32,32,19,15,11,17,17,14,10,14,9,14,12,8,8,16,16,16,10,10,10,13,14,14,16,13,14,8,16,9,13,13,7,7,15,14,15,9,9,9,12,12,12,6,5,7,4,4,5,4,6,4,7,7,6,3,4,4,5,5,5,3,2,2,0,1,0,0,12
152,0,0,0,0,0,0,0,0,0,0,0,0,0,18,18,14,11,11,18,18,11,9,12,12,9,18,18,18,11,11,11,14,14,14,40,32,24,38,38,33,24,25,19,31,25,20,38,38,38,23,24,24,32,32,32,19,15,11,17,16,14,10,13,9,14,12,8,8,17,17,16,10,10,11,14,14,14,15,12,14,9,15,9,13,13,7,7,15,15,15,9,9,9,12,12,12,7,6,7,4,4,6,4,6,6,7,7,7,4,4,4,6,5,5,2,1,1,0,1,1,0,12
153,0,0,0,0,0,0,0,0,0,0,0,0,0,17,18,14,10,11,18,18,11,9,12,12,9,18,18,17,11,11,11,13,14,14,41,33,25,39,39,33,25,26,19,31,26,20,39,39,39,23,24,24,33,33,33,19,15,11,17,17,15,9,14,9,14,12,8,8,17,16,16,10,10,11,14,14,14,15,12,14,9,15,9,13,12,7,7,15,15,15,9,9,8,12,12,12,7,6,7,4,4,5,4,6,6,5,7,6,4,4,3,6,5,5,2,1,0,0,1,0,0,13
154,0,0,0,0,0,0,0,0,0,0,0,0,0,18,18,14,10,11,18,18,11,9,12,12,9,18,18,18,10,10,10,14,14,14,42,34,25,39,40,34,25,26,19,31,26,20,39,39,39,23,25,24,33,33,33,19,15,11,17,17,15,10,14,9,12,12,8,8,17,17,17,10,10,11,14,14,14,16,13,14,10,16,10,13,12,7,7,15,15,15,9,9,9,13,13,13,7,6,6,4,3,5,4,5,6,6,6,6,4,3,3,5,4,5,1,1,0,0,0,0,0,13
155,0,0,0,0,0,0,0,0,0,0,0,0,0,18,18,15,11,11,18,18,11,9,12,12,9,18,17,18,11,11,11,15,14,14,42,34,25,40,39,34,25,26,20,32,26,21,40,39,39,23,25,25,33,33,33,19,15,11,17,17,15,11,14,9,14,12,8,8,17,17,16,10,10,11,14,14,14,15,12,14,10,15,10,11,11,7,7,14,13,13,9,9,8,12,12,12,7,6,6,4,4,5,3,5,6,6,6,6,3,3,3,5,5,5,0,1,1,0,0,0,0,16
156,0,0,0,0,0,0,0,0,0,0,0,0,0,19,19,15,11,11,19,18,11,9,12,12,9,18,18,18,11,11,11,15,15,15,42,34,25,40,40,33,25,26,20,31,26,21,40,40,40,23,25,25,33,33,33,20,15,12,17,17,15,10,15,9,15,12,8,8,17,17,17,10,10,11,15,15,15,15,11,14,9,14,10,11,11,7,7,14,13,12,8,9,8,11,12,12,7,6,6,4,4,5,4,5,5,6,6,6,4,4,4,5,5,5,0,0,0,0,0,0,0,14
157,0,0,0,0,0,0,0,0,0,0,0,0,0,20,20,16,12,11,19,19,11,9,13,13,9,19,19,19,11,11,11,15,15,15,43,34,26,40,40,34,25,27,20,32,27,21,40,40,40,24,25,25,34,34,34,20,16,12,18,18,15,10,15,9,14,12,8,8,16,16,16,10,10,11,14,14,15,15,12,13,9,15,10,12,12,7,7,14,14,14,8,8,8,12,11,10,7,6,7,4,4,6,4,6,6,7,7,7,4,4,4,6,6,5,0,0,0,0,0,0,0,13
158,0,0,0,0,0,0,0,0,0,0,0,0,0,20,20,16,12,12,20,20,12,10,13,13,10,20,20,20,12,11,11,15,15,15,43,34,26,41,41,34,26,27,20,32,27,21,41,41,40,24,26,26,34,34,34,19,16,12,16,18,14,10,14,9,14,12,8,8,16,16,16,10,10,11,14,14,14,15,12,13,9,15,9,12,12,7,7,14,14,14,8,8,8,12,11,11,8,7,8,5,5,6,5,6,6,8,8,8,4,4,4,6,6,6,0,0,0,0,0,0,0,12
159,0,0,0,0,0,0,0,0,0,0,0,0,0,21,21,16,12,12,21,21,11,10,14,14,10,20,20,20,12,12,12,16,16,16,43,34,26,40,41,34,26,27,20,32,27,21,40,41,40,24,26,26,34,34,34,19,16,12,17,17,14,10,14,9,14,12,7,8,15,15,16,10,10,10,13,14,14,15,12,13,9,15,8,12,11,7,6,14,14,14,8,8,8,11,12,12,8,7,8,5,4,7,5,7,7,8,8,8,4,5,5,6,6,6,0,0,0,0,0,0,0,12
160,0,0,0,0,0,0,0,0,0,0,0,0,0,20,20,16,12,12,20,20,12,10,13,14,10,20,20,20,12,12,12,16,16,15,43,35,25,41,41,35,26,27,20,33,27,22,41,41,41,25,26,25,35,35,35,19,16,11,16,17,14,10,14,9,14,12,8,8,16,16,16,10,10,10,14,14,14,15,12,14,9,15,9,12,12,7,7,15,15,15,9,7,8,12,11,12,9,8,9,5,5,7,5,7,6,9,8,8,5,5,5,7,7,7,0,0,0,0,0,0,0,12
161,0,0,0,0,0,0,0,0,0,0,0,0,0,19,21,16,12,12,21,20,12,10,13,14,10,20,20,20,12,11,12,15,16,16,44,35,26,40,42,35,26,28,21,33,28,22,42,41,41,25,26,26,35,35,34,19,15,11,17,17,14,11,14,9,14,12,8,8,17,17,17,10,10,11,14,14,14,15,12,14,9,15,9,12,11,7,7,15,15,14,9,8,8,12,12,11,9,8,9,5,5,7,5,7,6,8,8,8,5,5,5,6,7,7,0,0,0,0,0,0,0,15
162,0,0,0,0,0,0,0,0,0,0,0,0,0,20,21,16,12,12,20,20,12,10,13,14,10,19,20,20,12,11,12,15,15,15,44,35,26,42,42,35,26,27,21,33,28,22,42,41,41,25,26,26,35,35,34,18,15,11,16,17,14,10,14,9,14,11,8,8,16,16,16,10,10,11,14,14,14,16,13,14,9,16,9,12,12,7,7,14,15,15,9,9,9,12,12,12,10,7,9,6,5,7,5,7,7,9,9,9,5,5,5,7,6,7,0,0,0,0,0,0,0,14
163,0,0,0,0,0,0,0,0,0,0,0,0,0,21,21,16,12,12,21,20,12,10,14,14,10,21,21,20,12,12,12,16,15,16,44,35,26,41,41,35,26,27,21,33,27,22,41,41,41,25,26,26,35,35,35,19,15,11,17,17,15,11,14,9,14,12,8,8,17,17,17,10,9,11,14,14,14,16,13,14,10,16,10,13,13,7,7,15,15,15,9,9,9,13,13,13,10,8,10,6,6,7,5,7,6,9,8,9,5,5,5,7,7,7,0,0,0,0,0,0,0,15
164,0,0,0,0,0,0,0,0,0,0,0,0,0,21,21,16,11,12,21,21,11,10,14,13,10,20,21,20,11,12,12,15,16,16,45,36,26,42,42,35,26,28,21,33,28,22,42,42,42,25,26,26,35,35,35,20,15,12,17,17,15,11,15,9,14,12,8,8,17,17,17,10,10,11,15,15,15,16,13,15,10,16,9,13,13,8,8,16,16,16,9,8,9,13,13,12,10,7,9,5,5,7,5,7,7,9,8,8,5,5,5,7,7,7,0,0,0,0,0,0,0,15
165,0,0,0,0,0,0,0,0,0,0,0,0,0,21,21,17,12,12,21,21,12,10,14,14,10,21,21,21,12,12,12,17,16,16,44,36,26,42,42,35,26,28,21,33,28,22,42,42,41,25,26,26,35,35,35,19,15,11,17,17,14,11,15,9,14,12,8,7,17,17,17,10,9,10,15,14,14,17,14,15,10,16,10,13,13,8,8,16,16,15,9,9,9,13,13,13,10,8,10,6,6,7,6,7,7,10,10,9,5,5,5,7,7,7,0,0,0,0,0,0,0,15
166,0,0,0,0,0,0,0,0,0,0,0,0,0,21,21,17,12,12,20,21,11,10,13,14,9,21,20,20,11,12,12,16,15,16,45,36,27,43,43,36,27,28,21,34,28,22,43,42,42,25,27,27,36,36,36,18,15,11,17,17,15,11,15,9,15,12,8,8,16,17,17,9,10,11,15,15,14,17,14,15,10,16,9,13,12,8,8,15,15,16,9,9,9,12,13,13,9,8,9,5,6,7,5,7,7,9,9,9,5,5,5,7,7,7,1,0,0,0,0,0,0,15
167,0,0,0,0,0,0,0,0,0,0,0,0,0,21,21,16,12,12,19,19,12,9,12,14,10,20,19,19,11,11,12,15,15,16,46,37,27,43,43,37,27,29,21,34,29,23,43,43,43,26,27,27,37,37,37,19,15,11,17,17,14,11,15,9,15,12,8,8,17,17,17,10,9,11,15,15,15,17,13,15,10,17,10,12,12,8,8,16,16,16,9,9,9,14,14,13,9,8,10,5,6,6,5,7,6,8,9,9,5,5,5,7,7,6,1,0,0,0,0,0,0,16
168,0,0,0,0,0,0,0,0,0,0,0,0,0,21,21,16,12,12,20,20,12,10,13,14,10,20,20,20,12,12,12,16,15,16,46,37,27,43,43,36,27,28,21,35,29,22,42,43,43,26,26,27,37,36,36,20,15,11,17,17,15,11,15,9,15,12,8,8,17,17,17,10,10,11,15,15,14,17,13,15,10,17,9,13,13,8,8,16,16,15,9,9,8,14,13,13,10,8,10,5,6,7,5,7,7,9,9,9,5,5,5,7,7,7,1,0,0,0,0,0,0,16
169,0,0,0,0,0,0,0,0,0,0,0,0,0,21,21,16,12,12,20,21,12,10,14,14,10,21,20,20,12,12,12,16,16,16,46,37,28,43,43,37,27,29,21,35,29,23,43,42,42,26,27,27,37,37,37,19,16,12,18,16,15,11,14,9,15,11,8,8,17,17,16,10,10,11,15,15,15,17,13,15,9,17,10,12,13,7,7,15,15,15,9,8,9,13,12,13,8,8,9,6,5,6,5,7,7,9,8,8,5,5,5,7,7,7,0,0,0,0,0,0,0,17
170,0,0,0,0,0,0,0,0,0,0,0,0,0,21,21,17,13,13,21,21,13,10,14,14,10,21,21,21,13,12,12,17,17,17,46,37,28,43,43,37,28,29,21,35,29,23,43,43,42,26,27,27,37,37,37,19,15,12,17,17,14,10,15,9,15,12,8,8,17,16,17,10,10,10,15,14,15,17,14,15,10,16,9,14,14,8,8,16,15,16,9,9,9,14,13,13,9,8,8,6,5,7,5,7,7,9,8,9,4,5,4,7,7,7,0,0,0,0,0,0,0,15
171,0,0,0,0,0,0,0,0,0,0,0,0,0,22,22,17,13,13,21,22,13,11,14,14,11,22,22,21,13,13,13,17,17,17,46,37,27,43,43,37,28,29,21,34,29,23,43,43,43,26,28,27,36,36,36,20,16,12,18,18,15,11,15,9,15,12,8,8,17,17,17,10,10,11,15,15,15,17,14,14,9,16,10,14,14,8,8,15,15,15,9,9,9,14,13,13,9,8,9,5,5,6,5,7,7,9,9,9,4,5,5,7,7,7,0,0,0,0,0,0,0,16
172,0,0,0,0,0,0,0,0,0,0,0,0,0,22,22,17,13,13,21,21,13,11,15,14,11,22,22,21,13,13,12,17,17,17,46,37,28,44,44,37,28,29,22,35,29,23,44,43,43,26,28,28,37,37,37,19,14,11,16,18,15,11,15,9,14,12,8,8,17,17,17,10,10,11,15,14,15,18,14,16,10,17,10,14,14,8,8,16,16,16,10,10,10,14,14,14,9,8,10,6,5,7,5,7,7,9,8,8,5,5,5,7,7,7,0,0,0,0,0,0,0,16
173,0,0,0,0,0,0,0,0,0,0,0,0,0,21,22,17,13,13,22,21,13,11,15,14,11,22,22,20,12,11,12,17,17,17,47,38,28,44,44,37,28,29,22,35,29,23,44,44,44,26,27,27,37,37,37,19,15,11,17,18,15,11,15,9,14,12,8,8,17,17,17,10,10,11,15,14,14,18,14,16,11,18,10,14,14,8,8,17,17,17,10,10,10,14,14,14,10,8,10,6,6,7,6,7,7,10,10,10,5,5,5,7,7,7,1,1,0,0,0,0,0,16
174,0,0,0,0,0,0,0,0,0,0,0,0,0,22,22,17,13,13,22,21,13,11,14,14,10,21,22,21,13,13,13,17,17,17,47,38,28,45,45,38,28,30,22,36,29,23,44,44,44,26,28,28,38,38,38,18,14,11,17,18,15,11,14,9,14,12,7,8,17,17,17,10,10,11,13,14,15,18,15,16,11,18,11,15,14,8,8,17,17,17,10,10,10,14,14,14,11,9,11,6,6,8,6,8,8,10,10,10,6,6,6,8,8,8,0,0,0,0,0,0,0,17
175,0,0,0,0,0,0,0,0,0,0,0,0,0,21,21,17,13,13,21,21,12,11,14,14,10,21,22,21,13,12,12,17,17,17,48,38,28,45,45,38,28,30,22,36,30,23,45,45,45,27,28,28,38,38,38,19,15,12,17,17,15,11,15,9,15,12,8,8,17,17,17,10,10,11,15,15,15,17,15,15,9,18,10,14,15,8,8,16,16,17,10,10,10,15,14,14,10,9,11,6,6,8,6,8,8,11,10,11,6,6,6,8,8,8,0,0,0,0,0,0,0,17
176,0,0,0,0,0,0,0,0,0,0,0,0,0,20,21,17,13,13,21,21,13,11,14,14,10,21,22,20,13,12,13,17,17,17,48,39,29,45,45,39,29,30,22,36,30,24,45,45,45,27,29,29,38,38,38,19,15,12,18,18,15,11,15,9,15,12,9,8,17,17,17,10,10,11,15,15,15,18,15,16,11,18,11,15,14,8,8,17,17,17,10,10,10,15,14,14,11,9,11,6,6,8,6,8,8,11,11,10,6,6,6,8,7,8,0,0,0,0,0,0,0,16
177,0,0,0,0,0,0,0,0,0,0,0,0,0,22,22,17,13,13,22,22,13,11,14,14,10,20,21,21,13,13,13,17,17,17,49,39,29,46,46,39,29,30,23,37,30,24,46,46,46,27,29,29,39,39,39,20,15,11,17,18,14,11,15,9,14,12,8,8,16,17,16,10,10,11,15,15,15,18,15,16,11,18,11,15,15,8,8,17,17,17,10,10,9,14,14,14,10,10,11,6,6,8,6,9,6,11,10,11,6,6,6,9,8,9,0,0,0,0,0,0,0,15
178,0,0,0,0,0,0,0,0,0,0,0,0,0,21,22,17,13,13,21,22,13,11,13,14,11,22,20,21,13,13,13,17,17,16,49,39,29,46,45,39,29,31,23,37,31,24,45,46,46,28,29,29,39,39,39,20,15,11,17,18,14,10,15,9,14,12,8,8,17,17,16,10,10,10,15,15,15,18,15,16,11,18,11,15,15,8,8,17,17,17,10,10,10,15,15,14,10,10,11,6,6,9,6,8,8,11,10,11,6,6,6,8,8,9,0,0,0,0,0,0,0,15
179,0,0,0,0,0,0,0,0,0,0,0,0,0,22,22,17,13,13,22,22,13,11,14,14,11,22,22,22,13,13,13,16,17,17,50,39,29,47,47,39,29,31,23,37,31,24,47,47,47,28,29,29,39,39,39,19,15,11,17,17,14,11,14,9,14,12,8,8,17,17,17,10,10,11,15,15,15,19,15,16,11,19,11,15,15,9,9,18,17,17,10,10,10,15,15,15,10,10,11,6,6,9,6,9,8,11,7,11,6,6,6,8,8,9,0,0,0,0,0,0,0,16
180,0,0,0,0,0,0,0,0,0,0,0,0,0,22,22,17,13,13,22,22,13,11,14,14,11,22,22,22,13,13,13,17,17,17,50,39,30,47,47,40,29,31,23,37,31,24,46,47,47,28,29,29,39,39,39,19,15,12,17,17,15,11,15,8,15,12,8,8,16,17,17,10,10,11,14,15,14,18,15,16,11,18,11,15,15,9,9,17,18,18,10,10,9,15,15,15,11,10,11,6,6,9,6,9,9,11,11,11,5,6,6,9,8,8,0,0,0,0,0,0,0,16
181,0,0,0,0,0,0,0,0,0,0,0,0,0,23,22,18,13,13,22,22,13,11,15,15,11,22,22,22,13,13,13,18,18,18,51,40,30,48,47,40,30,31,23,38,31,25,47,47,47,28,30,30,39,40,40,19,16,12,18,17,15,11,15,9,14,12,8,8,17,16,17,10,10,11,14,15,15,19,15,16,11,19,11,15,15,9,8,17,18,17,10,10,10,15,15,15,11,10,11,6,6,9,6,9,9,11,10,11,6,6,6,9,8,8,0,0,0,0,0,0,0,17
182,0,0,0,0,0,0,0,0,0,0,0,0,0,23,23,18,13,13,23,22,13,11,15,15,11,23,23,23,12,13,13,18,18,18,51,41,30,48,48,40,30,32,24,38,32,25,48,48,48,28,30,30,40,40,40,20,16,12,18,18,15,11,15,9,15,12,9,9,18,18,18,10,10,11,14,15,15,19,15,16,11,19,11,15,15,9,9,18,18,17,10,10,10,15,15,15,11,9,11,7,5,9,7,9,9,11,11,11,7,7,7,9,8,8,0,0,0,0,0,0,0,16
183,0,0,0,0,0,0,0,0,0,0,0,0,0,23,23,18,13,13,23,22,13,11,15,15,11,23,23,23,13,13,13,18,18,18,51,41,31,48,48,41,31,32,24,39,32,26,48,48,48,29,31,31,41,41,41,20,16,12,18,17,15,11,15,9,15,12,8,8,18,18,17,10,10,11,15,14,14,19,15,17,11,18,11,15,15,9,9,17,16,18,10,10,10,15,14,14,11,10,11,7,7,9,7,9,9,11,11,11,6,7,7,9,9,8,0,0,0,0,0,0,0,17
184,0,0,0,0,0,0,0,0,0,0,0,0,0,23,23,18,14,14,23,23,14,11,15,15,11,23,23,23,13,13,13,18,18,18,51,41,31,48,48,41,31,32,24,38,32,25,48,48,48,29,31,30,41,41,41,21,16,12,18,18,16,12,16,9,15,13,9,9,18,18,18,11,11,11,15,15,15,20,15,17,12,19,11,15,15,9,9,17,18,18,11,11,11,15,15,15,11,10,11,7,6,9,7,9,9,11,11,11,5,5,6,9,9,9,0,0,0,0,0,0,0,17
185,0,0,0,0,0,0,0,0,0,0,0,0,0,23,21,18,13,13,22,23,13,11,15,15,11,22,23,21,14,14,12,17,17,17,52,42,31,49,49,42,31,32,24,39,32,26,49,49,49,29,31,31,41,42,41,21,16,12,17,18,16,11,16,9,16,13,9,9,18,18,17,11,11,12,16,15,14,20,16,17,11,20,12,16,16,9,9,18,18,18,11,11,11,16,16,16,11,10,11,7,7,9,7,9,9,11,11,11,7,7,6,9,9,9,0,0,0,0,0,0,0,17
186,0,0,0,0,0,0,0,0,0,0,0,0,0,23,22,17,13,13,22,21,13,11,14,15,10,22,23,22,14,14,13,16,17,17,53,42,32,50,50,42,31,33,25,40,33,26,50,49,50,30,31,31,42,42,42,21,16,12,18,18,15,11,15,9,15,13,9,9,18,18,17,10,11,12,16,15,15,19,15,16,12,18,12,16,16,9,9,18,18,18,11,10,11,15,15,16,11,10,11,7,7,9,7,9,9,11,11,11,7,6,6,8,8,8,0,0,0,0,0,0,0,17
187,0,0,0,0,0,0,0,0,0,0,0,0,0,22,22,18,13,13,22,22,13,11,14,15,11,22,22,22,14,14,13,17,17,17,53,43,32,50,50,43,32,33,25,40,33,26,50,50,50,30,32,32,43,43,43,21,15,12,17,18,15,11,15,9,15,13,9,8,17,18,18,11,11,12,15,15,15,19,15,17,12,19,11,15,16,9,9,18,18,18,11,11,11,15,15,16,11,10,11,6,6,9,7,9,9,9,11,11,6,6,6,9,9,7,0,0,0,0,0,0,0,18
188,0,0,0,0,0,0,0,0,0,0,0,0,0,22,22,18,12,13,22,22,13,10,15,15,11,21,22,22,14,14,13,18,17,17,54,43,32,51,51,43,32,34,25,40,33,27,50,50,50,30,32,32,43,43,43,21,16,12,18,17,15,11,15,9,15,13,9,8,16,18,17,11,11,12,15,15,15,20,16,17,12,20,12,16,16,9,9,18,19,18,11,10,11,16,16,15,11,9,11,7,7,9,7,9,9,11,11,11,4,6,6,9,9,9,0,0,0,0,0,0,0,19
189,0,0,0,0,0,0,0,0,0,0,0,0,0,21,22,18,13,13,21,22,13,11,15,15,11,22,22,22,14,13,13,18,18,17,54,43,32,51,50,43,32,34,25,40,34,27,51,51,51,31,32,32,43,43,43,21,16,12,18,18,16,11,16,10,16,13,9,9,18,18,18,11,11,12,16,15,15,20,16,18,12,20,12,16,16,9,9,19,19,19,11,11,11,15,16,16,11,9,11,6,6,9,6,9,9,10,11,11,7,6,6,9,9,9,0,0,0,0,0,0,0,20
190,0,0,0,0,0,0,0,0,0,0,0,0,0,22,22,17,13,13,22,22,13,10,14,15,11,21,21,21,13,13,13,17,18,17,55,44,33,51,51,44,33,34,25,41,34,27,51,51,51,31,33,33,43,43,43,21,16,12,18,18,16,12,16,10,16,12,9,9,18,17,18,10,11,12,15,16,16,21,16,18,12,21,12,16,16,10,10,20,19,19,11,11,11,16,16,16,12,10,11,7,7,9,6,9,8,11,11,11,7,6,7,9,9,8,0,0,0,0,0,0,0,21
191,0,0,0,0,0,0,0,0,0,0,0,0,0,22,22,17,13,13,22,21,13,11,14,15,10,22,22,22,12,13,13,17,18,17,56,45,33,52,52,44,33,35,26,41,34,27,52,52,52,31,33,33,44,44,44,20,16,12,18,18,16,11,16,10,15,13,9,9,18,18,18,11,11,12,15,14,16,20,16,18,12,21,12,16,16,10,10,19,20,19,11,11,11,16,16,15,11,10,11,6,6,9,6,8,9,11,11,11,7,6,7,9,8,8,0,0,0,0,0,0,0,20
192,0,0,0,0,0,0,0,0,0,0,0,0,0,22,22,17,13,13,21,22,13,11,14,14,10,22,22,21,13,13,13,17,17,17,57,45,33,53,53,45,34,34,26,43,35,28,53,53,53,32,34,34,45,45,45,21,17,12,19,18,16,12,16,10,16,13,9,9,18,18,18,10,11,12,16,16,16,21,16,18,12,21,12,16,16,10,10,20,20,20,12,12,12,16,16,16,11,10,11,6,6,9,6,9,9,10,11,11,7,6,7,9,8,7,0,0,0,0,0,0,0,19
193,0,0,0,0,0,0,0,0,0,0,0,0,0,22,22,17,13,13,22,22,13,11,14,14,11,22,22,21,13,13,13,17,17,17,57,45,34,54,53,45,34,34,26,43,35,28,53,53,52,31,34,34,45,45,45,21,17,12,19,18,16,12,16,10,16,13,9,9,18,18,18,11,11,11,15,16,16,20,17,18,12,21,12,17,17,10,10,20,20,19,12,12,11,16,16,16,10,9,11,6,6,8,6,9,9,10,10,10,6,6,7,8,8,8,0,0,0,0,0,0,0,19
194,0,0,0,0,0,0,0,0,0,0,0,0,0,22,22,17,13,13,22,22,13,11,15,15,11,22,22,22,13,13,13,18,17,17,57,45,34,54,54,45,34,35,25,42,35,28,53,53,53,32,34,33,45,45,45,21,17,12,19,19,16,12,16,10,16,13,9,9,19,19,19,11,11,12,16,16,16,20,17,19,12,21,12,17,17,10,10,20,20,20,12,12,12,17,17,17,10,8,10,5,6,8,5,7,9,10,10,10,6,6,7,7,7,7,0,0,0,0,0,0,0,18
195,0,0,0,0,0,0,0,0,0,0,0,0,0,22,23,18,13,13,23,23,12,11,15,15,11,22,22,22,12,13,13,18,18,18,57,45,34,54,54,45,34,36,26,43,35,28,53,53,53,32,34,34,45,45,45,22,17,13,19,19,16,12,16,10,16,14,8,9,19,19,19,11,11,12,16,16,16,22,17,19,13,22,13,17,17,10,10,21,21,21,12,12,12,17,17,17,10,7,10,6,6,8,6,6,8,9,10,8,5,5,7,7,7,7,0,0,0,0,0,0,0,18
196,0,0,0,0,0,0,0,0,0,0,0,0,0,23,23,18,13,14,23,23,13,11,15,14,11,23,23,23,13,13,13,18,18,17,57,45,34,54,54,45,33,36,26,42,36,28,54,54,53,32,34,34,44,45,45,21,17,11,19,19,15,12,16,10,16,13,9,8,19,18,18,11,10,12,16,15,15,22,18,20,13,22,13,16,17,10,10,21,21,21,12,12,12,17,17,17,9,8,9,5,5,7,6,7,8,10,9,9,5,5,6,7,7,7,0,0,0,0,0,0,0,17
197,0,0,0,0,0,0,0,0,0,0,0,0,0,23,23,18,14,14,23,23,14,11,15,15,11,23,23,23,14,13,13,18,18,18,56,46,33,53,54,44,34,36,27,43,35,28,53,53,54,32,34,34,44,45,45,20,16,12,18,19,15,11,16,9,15,13,9,9,19,18,18,11,11,12,15,15,15,22,18,20,13,22,13,18,18,10,10,21,21,21,12,12,12,17,16,17,10,8,10,6,5,7,5,7,7,10,9,9,5,5,6,6,7,7,0,0,0,0,0,0,0,16
198,0,0,0,0,0,0,0,0,0,0,0,0,0,23,23,19,14,14,23,23,14,11,14,15,11,23,23,23,14,14,14,18,18,18,57,46,34,54,54,45,34,36,27,43,35,28,53,53,54,32,34,33,45,45,45,20,15,11,17,18,15,11,16,9,15,13,9,8,17,18,17,11,11,11,15,15,15,22,18,19,12,21,13,17,18,9,10,21,21,21,12,12,12,16,17,17,9,8,9,5,5,7,5,6,7,10,8,8,5,5,5,7,7,7,0,0,0,0,0,0,0,15
199,0,0,0,0,0,0,0,0,0,0,0,0,0,24,22,19,14,14,23,22,14,11,16,16,11,23,23,22,14,14,14,19,19,19,58,46,34,54,54,46,34,36,27,43,36,29,54,54,54,32,34,34,46,46,46,20,16,12,17,18,15,11,16,9,15,13,8,8,17,17,17,11,11,11,15,15,15,22,17,19,12,21,12,17,17,10,10,21,20,20,12,12,12,17,17,16,10,8,10,5,6,7,6,7,7,10,10,10,5,5,5,6,7,7,0,0,0,0,0,0,0,16
200,0,0,0,0,0,0,0,0,0,0,0,0,0,24,23,18,14,14,23,22,14,11,16,15,11,23,23,23,14,14,14,18,19,18,58,46,35,54,54,46,35,36,27,42,36,29,54,54,54,32,35,34,46,46,46,21,16,12,18,18,16,12,16,10,16,13,9,9,18,18,18,11,11,11,15,14,15,22,17,19,13,22,13,17,17,10,10,21,21,19,12,12,12,17,17,17,10,8,10,6,6,8,6,7,7,10,10,10,6,6,6,7,7,7,0,0,0,0,0,0,0,16
201,0,0,0,0,0,0,0,0,0,0,0,0,0,24,24,19,14,14,23,23,14,11,16,16,11,23,23,23,14,14,14,19,19,19,58,46,35,55,54,46,35,36,27,43,36,29,54,54,54,32,35,35,46,46,46,21,17,12,18,18,16,12,16,10,16,13,9,9,18,19,19,11,11,12,16,16,16,22,18,19,13,22,13,17,17,10,10,21,21,21,12,12,12,17,17,17,10,8,10,6,6,8,6,7,8,10,10,10,6,6,6,7,8,7,0,0,0,0,0,0,0,16
202,0,0,0,0,0,0,0,0,0,0,0,0,0,24,25,20,15,15,24,23,14,12,16,16,12,24,24,24,14,14,14,19,19,19,58,46,35,55,55,46,35,36,27,44,36,29,54,55,55,33,35,35,46,46,46,21,17,12,18,17,16,12,15,10,15,12,9,9,17,19,19,11,11,11,14,15,15,22,17,20,13,22,13,18,18,10,10,20,21,21,12,12,12,18,18,16,10,8,10,6,6,8,6,8,7,9,10,10,6,6,6,8,8,7,0,0,0,0,0,0,0,15
203,0,0,0,0,0,0,0,0,0,0,0,0,0,25,25,20,15,13,24,25,14,12,16,16,10,24,24,24,14,14,13,18,19,19,58,46,35,55,55,46,35,36,27,44,36,29,55,55,55,33,35,35,46,46,46,21,16,12,17,17,15,12,15,9,15,12,9,9,17,17,17,11,11,11,13,15,15,23,18,20,13,22,13,18,18,10,10,21,21,21,13,13,13,18,18,18,10,8,10,6,6,7,6,7,8,10,10,10,6,6,6,8,7,7,0,0,0,0,0,0,0,14
204,0,0,0,0,0,0,0,0,0,0,0,0,0,24,24,19,15,14,23,25,14,12,16,15,12,24,24,23,14,14,14,19,19,19,58,47,35,55,55,47,35,36,27,44,36,29,55,55,55,32,35,35,46,46,46,21,16,12,18,18,16,12,16,9,15,13,9,9,18,18,18,11,11,11,15,15,15,23,18,20,13,23,13,18,18,11,10,21,21,21,12,13,12,18,18,18,10,8,10,6,6,7,6,8,7,10,10,10,6,6,5,8,8,7,0,0,0,0,0,0,0,15
205,0,0,0,0,0,0,0,0,0,0,0,0,0,24,23,19,15,13,23,24,14,12,14,15,12,24,23,23,13,14,14,19,19,18,58,47,35,56,56,47,35,37,27,44,37,29,55,55,55,33,35,35,47,47,47,21,16,12,18,18,15,12,15,9,15,12,9,9,18,18,18,11,11,11,15,15,15,23,19,21,14,23,14,18,19,11,11,22,22,22,13,13,13,18,18,18,10,8,9,6,5,7,6,7,7,10,9,10,6,6,5,7,7,7,0,0,0,0,0,0,0,13
206,0,0,0,0,0,0,0,0,0,0,0,0,0,23,23,19,14,14,23,23,14,11,16,15,11,24,23,23,14,14,14,19,19,19,60,48,36,56,56,48,35,37,28,44,37,30,56,56,56,33,35,35,48,48,48,20,16,12,18,18,15,11,14,9,14,12,9,9,18,18,18,11,11,11,15,15,15,24,19,21,14,24,14,19,19,11,11,23,23,22,13,13,13,19,19,19,10,8,10,6,6,7,6,8,8,10,10,10,6,6,6,8,8,8,0,0,0,0,0,0,0,12
207,0,0,0,0,0,0,0,0,0,0,0,0,0,25,25,20,15,14,24,24,14,12,16,16,12,24,24,24,14,14,14,19,19,19,60,46,35,56,56,47,35,37,28,45,36,30,56,56,55,33,35,35,47,48,47,21,16,12,18,18,16,12,16,10,16,13,9,9,17,18,18,11,11,12,16,16,15,24,19,21,14,23,14,19,19,11,11,23,23,23,13,14,13,19,19,19,10,9,10,5,6,8,6,8,8,10,10,10,6,5,6,8,8,8,0,0,0,0,0,0,0,11
208,0,0,0,0,0,0,0,0,0,0,0,0,0,25,24,20,15,14,24,24,14,12,16,16,12,24,24,24,14,14,14,19,19,19,60,48,35,56,56,47,35,37,28,45,37,29,56,56,56,32,35,35,47,47,46,21,15,12,18,18,15,12,15,10,15,13,9,9,18,18,18,11,11,12,15,16,15,24,19,21,14,23,14,19,19,11,11,22,23,23,13,14,13,19,19,18,11,10,11,6,6,8,6,8,8,11,11,11,6,6,5,8,8,8,0,0,0,0,0,0,0,10
209,0,0,0,0,0,0,0,0,0,0,0,0,0,25,25,20,14,15,25,25,15,12,16,16,12,24,24,24,14,14,14,19,19,19,60,48,35,56,56,47,35,37,28,45,37,29,56,56,56,33,35,35,47,47,47,21,16,12,18,18,16,12,16,10,15,13,9,9,18,18,17,11,11,12,16,16,16,25,19,22,15,25,14,19,18,11,11,23,23,23,14,14,14,19,19,19,11,10,11,6,6,8,6,8,8,10,10,11,5,6,6,8,7,6,0,0,0,0,0,0,0,10
210,0,0,0,0,0,0,0,0,0,0,0,0,0,25,25,20,15,15,25,25,15,12,16,16,12,25,25,23,14,14,14,19,19,19,60,48,35,56,56,48,35,37,28,45,37,30,55,56,56,33,35,35,48,48,48,22,17,13,19,19,16,12,16,10,16,13,9,9,19,19,18,11,11,12,16,16,16,25,20,22,15,25,15,19,19,11,11,23,23,23,14,14,14,19,19,19,10,10,10,6,5,7,6,8,8,10,9,10,6,6,6,7,7,7,0,0,0,0,0,0,0,10
211,0,0,0,0,0,0,0,0,0,0,0,0,0,26,25,20,15,15,25,25,14,12,17,17,11,25,24,25,15,15,15,20,20,20,60,48,35,55,56,48,35,37,27,45,37,29,56,55,56,32,35,35,47,47,47,22,18,13,20,20,17,12,17,10,17,14,10,10,20,20,20,11,11,11,16,16,16,22,19,22,15,24,14,20,20,11,11,22,23,22,14,14,14,20,19,18,11,9,11,6,6,8,6,8,8,11,11,11,6,6,6,8,8,8,0,0,0,0,0,0,0,9
212,0,0,0,0,0,0,0,0,0,0,0,0,0,26,25,20,15,15,25,25,15,12,17,17,12,25,25,25,15,15,15,20,19,19,60,46,35,55,56,47,35,36,28,44,37,29,56,55,56,33,35,35,47,47,47,23,18,14,20,20,17,13,17,11,17,14,10,10,20,20,20,12,12,13,17,17,17,25,19,21,15,25,14,19,19,11,10,22,22,22,14,14,13,20,18,19,11,10,11,6,6,9,6,9,8,11,11,11,6,6,6,8,8,8,0,0,0,0,0,0,0,8
213,0,0,0,0,0,0,0,0,0,0,0,0,0,26,25,20,15,15,25,25,15,12,17,17,12,25,25,25,15,15,15,20,20,20,58,47,35,55,55,47,35,37,27,44,36,29,55,55,55,33,35,35,46,47,47,22,19,14,20,21,18,13,18,11,18,15,10,10,21,21,21,12,11,13,18,17,16,25,19,21,14,25,14,19,19,11,11,23,22,22,14,13,13,19,19,19,11,9,11,6,6,8,6,8,8,11,11,11,6,6,6,9,8,8,0,0,0,0,0,0,0,10
214,0,0,0,0,0,0,0,0,0,0,0,0,0,26,26,20,15,15,26,26,14,13,16,16,13,26,26,25,15,14,14,20,20,20,60,48,36,56,56,48,36,37,28,45,37,30,56,56,56,33,36,35,48,48,48,23,19,13,19,20,18,13,18,10,18,15,10,10,21,20,20,11,12,13,17,17,17,25,19,22,15,25,14,19,19,11,11,23,23,23,13,14,14,19,19,19,11,8,11,6,6,8,6,8,8,11,11,11,5,6,6,8,8,8,0,0,0,0,0,0,0,10
215,0,0,0,0,0,0,0,0,0,0,0,0,0,26,26,20,15,15,26,26,15,13,17,16,12,25,26,25,15,15,14,20,20,20,61,49,36,57,57,49,36,38,28,46,38,30,57,57,57,34,36,36,49,48,48,22,19,13,20,20,18,13,17,10,18,15,10,10,20,20,20,12,12,13,17,17,17,25,20,22,15,25,15,19,20,11,11,23,22,23,14,14,14,19,19,19,11,10,11,6,6,9,6,9,9,11,11,11,6,6,6,9,9,9,0,0,0,0,0,0,0,12
216,0,0,0,0,0,0,0,0,0,0,0,0,0,26,26,20,15,15,26,26,15,13,17,17,13,25,26,25,15,15,15,20,20,20,61,49,37,58,57,49,36,38,29,46,38,30,58,58,58,34,36,36,49,49,49,22,19,14,21,21,17,13,17,10,17,14,10,10,21,20,20,12,12,13,17,17,17,24,20,22,15,25,15,20,20,11,12,22,23,23,14,14,14,20,20,20,11,10,11,7,7,9,7,9,9,11,10,11,7,7,7,9,9,9,0,0,0,0,0,0,0,13
217,0,0,0,0,0,0,0,0,0,0,0,0,0,25,25,19,15,15,26,26,15,13,17,17,13,25,26,25,14,14,15,19,19,19,62,49,37,58,58,49,37,38,29,46,38,30,58,58,58,35,37,37,49,49,49,23,18,14,20,20,17,13,17,11,17,14,10,10,21,20,20,12,12,13,17,17,17,24,20,22,15,25,15,20,20,12,12,24,24,24,14,14,14,20,20,19,12,10,12,6,7,9,7,9,9,12,12,11,7,7,6,9,9,9,0,0,0,0,0,0,0,12
218,0,0,0,0,0,0,0,0,0,0,0,0,0,25,25,19,15,14,25,26,14,12,17,17,12,25,26,25,14,14,14,19,19,19,62,50,37,57,58,50,37,39,29,46,39,31,58,57,58,35,37,37,50,49,49,23,18,14,21,21,17,13,16,11,17,14,10,10,21,21,21,12,12,13,17,17,17,25,20,23,15,25,15,20,20,12,12,24,24,24,14,14,14,20,20,19,12,10,11,6,7,9,7,9,9,11,12,11,6,7,7,9,9,9,0,0,0,0,0,0,0,11
219,0,0,0,0,0,0,0,0,0,0,0,0,0,25,25,20,15,15,25,25,15,12,17,17,12,25,26,25,15,15,15,20,20,20,62,50,37,57,58,49,37,39,29,46,39,31,58,58,58,35,36,37,50,49,49,24,18,14,21,20,18,13,18,11,17,15,10,10,21,21,21,12,12,13,18,18,18,26,21,23,15,26,15,21,21,12,12,24,24,24,14,14,14,21,20,20,12,10,11,7,7,9,7,9,8,10,10,11,6,7,7,9,9,9,0,0,0,0,0,0,0,7
220,0,0,0,0,0,0,0,0,0,0,0,0,0,26,26,19,15,15,26,25,15,12,17,17,11,25,25,25,15,15,15,20,20,20,62,50,37,59,58,50,37,39,29,47,39,31,58,58,58,35,37,37,50,50,50,24,19,14,21,21,18,14,18,11,18,15,10,10,21,21,21,13,13,14,18,18,18,25,21,23,15,26,15,21,21,12,11,25,25,23,14,14,14,21,21,21,11,10,11,6,6,9,6,9,9,11,11,11,6,7,6,8,8,8,0,0,0,0,0,0,0,7
221,0,0,0,0,0,0,0,0,0,0,0,0,0,26,26,20,15,15,26,26,15,13,17,17,12,25,25,24,15,15,15,20,20,20,63,51,38,60,60,51,37,39,29,47,39,31,59,59,58,34,38,38,50,50,50,24,19,14,22,22,18,14,18,11,18,15,11,10,21,21,21,13,13,14,18,18,18,26,21,23,15,26,15,21,21,12,12,25,25,25,15,15,15,21,21,20,12,10,10,7,7,9,7,9,9,10,11,11,7,7,7,9,9,9,0,0,0,0,0,0,0,7
222,0,0,0,0,0,0,0,0,0,0,0,0,0,26,25,21,15,15,26,25,15,13,17,17,13,26,25,26,15,15,15,19,20,20,63,51,38,59,59,51,38,39,29,47,39,31,59,59,59,35,38,38,50,50,50,25,20,15,22,22,19,14,19,12,19,16,11,11,22,22,22,13,13,14,19,19,19,26,20,23,16,25,15,21,21,12,12,24,25,25,14,15,15,21,20,20,12,11,12,7,7,9,7,8,9,12,12,12,7,7,7,9,9,9,0,0,0,0,0,0,0,6
223,0,0,0,0,0,0,0,0,0,0,0,0,0,26,25,21,15,15,25,25,15,13,17,17,13,26,25,25,15,15,15,20,20,20,63,51,38,60,60,51,38,40,30,48,40,31,60,59,60,36,38,38,51,51,51,25,20,15,23,23,19,14,19,12,19,16,11,11,23,22,22,13,13,14,19,19,19,27,22,24,16,27,16,22,21,12,12,25,25,25,15,15,15,21,21,21,12,11,11,7,7,9,6,9,9,10,12,11,6,6,7,9,7,8,0,0,0,0,0,0,0,5
224,0,0,0,0,0,0,0,0,0,0,0,0,0,25,25,21,15,15,26,26,15,13,16,17,13,26,26,26,15,15,15,20,20,20,64,51,38,60,60,51,38,40,30,48,40,32,60,60,60,36,38,38,51,51,51,26,20,15,23,23,20,14,19,12,19,16,11,11,23,23,22,14,14,14,19,19,18,27,22,24,16,27,16,22,22,13,13,25,25,25,15,15,15,22,22,22,11,10,11,7,7,9,6,9,9,11,11,11,5,6,6,9,9,8,0,0,0,0,0,0,0,5
225,0,0,0,0,0,0,0,0,0,0,0,0,0,26,26,21,15,15,26,26,15,13,17,17,13,26,25,26,15,15,15,21,20,20,63,51,38,61,61,51,38,40,30,47,40,31,61,61,60,36,38,38,51,51,51,25,20,15,23,23,19,14,19,12,19,16,11,11,23,22,22,14,14,14,19,19,19,27,22,24,16,27,16,21,22,12,13,25,26,25,15,15,15,22,22,21,11,10,11,6,7,9,6,9,8,11,11,10,6,6,6,7,9,8,0,0,0,0,0,0,0,6
226,0,0,0,0,0,0,0,0,0,0,0,0,0,26,26,21,15,15,26,26,15,13,17,17,13,25,26,26,14,15,15,21,21,21,65,52,38,61,61,52,38,40,30,48,40,32,61,61,61,36,38,38,52,52,52,25,19,15,23,21,19,14,19,12,19,16,11,11,23,22,22,13,14,14,18,17,18,28,22,24,16,28,16,22,22,13,13,26,26,26,15,15,15,22,21,22,11,10,11,7,7,9,5,9,9,11,10,10,7,7,6,9,8,9,0,0,0,0,0,0,0,7
227,0,0,0,0,0,0,0,0,0,0,0,0,0,27,27,21,16,16,27,27,16,13,18,18,13,26,26,26,16,16,16,21,21,21,65,52,39,61,61,52,39,40,30,49,41,32,61,61,61,37,39,39,52,52,52,24,19,15,22,22,19,14,19,12,19,16,11,11,22,22,22,13,14,14,18,18,18,28,22,25,17,27,16,22,22,13,13,26,26,25,16,16,16,22,22,22,11,10,11,7,7,9,7,9,9,11,11,11,6,6,6,9,9,8,0,0,0,0,0,0,0,8
228,0,0,0,0,0,0,0,0,0,0,0,0,0,27,27,21,16,16,27,27,15,13,18,17,13,27,26,26,16,15,16,21,21,21,65,53,39,61,61,52,39,41,30,49,40,33,62,62,62,37,39,39,52,52,52,25,20,15,22,22,19,14,19,11,19,16,11,11,22,22,22,13,13,14,18,18,18,28,23,25,17,28,17,22,22,13,13,27,27,27,15,15,16,22,22,22,11,10,10,7,6,8,7,8,9,10,10,11,6,6,6,8,8,8,0,0,0,0,0,0,0,9
229,0,0,0,0,0,0,0,0,0,0,0,0,0,27,27,21,16,16,27,27,16,13,18,18,13,26,26,26,16,16,16,20,21,21,66,53,39,62,62,53,39,41,31,49,41,33,62,62,62,37,39,39,52,52,52,25,20,15,22,22,19,14,19,12,19,16,11,11,22,22,22,13,13,14,19,19,19,28,22,25,17,28,17,23,23,13,13,26,27,26,16,16,15,23,22,22,11,10,11,7,6,9,7,9,9,11,11,11,6,6,6,8,9,9,0,0,0,0,0,0,0,9
230,0,0,0,0,0,0,0,0,0,0,0,0,0,27,27,21,16,16,27,27,16,13,18,18,13,27,27,27,16,16,16,21,21,21,66,53,40,62,62,53,40,41,31,50,41,33,62,62,62,37,39,39,52,53,53,25,20,15,23,23,19,14,19,12,19,16,11,11,23,22,22,13,13,14,19,19,19,28,23,25,17,28,17,23,23,13,13,27,27,27,16,16,16,23,23,23,11,9,11,6,6,9,7,9,8,11,11,11,6,6,6,9,9,9,0,0,0,0,0,0,0,9
231,0,0,0,0,0,0,0,0,0,0,0,0,0,28,27,22,16,16,27,27,16,14,18,18,14,27,27,27,16,16,16,19,21,22,66,53,39,62,62,53,40,41,31,49,41,33,62,62,62,37,39,39,53,53,53,25,20,15,23,23,18,14,19,12,19,15,11,11,23,23,23,13,12,14,17,19,19,29,23,25,17,28,17,22,23,13,13,27,27,27,16,16,16,23,22,22,11,10,11,7,7,9,7,8,9,11,11,11,7,7,6,9,9,9,0,0,0,0,0,0,0,8
232,0,0,0,0,0,0,0,0,0,0,0,0,0,27,27,22,16,16,27,27,16,14,18,18,13,27,27,27,16,16,16,22,21,22,66,53,40,63,63,53,40,42,31,50,41,33,62,62,62,37,40,40,53,53,53,25,20,15,22,22,19,14,19,12,19,15,11,11,22,23,22,13,13,14,19,18,18,27,22,26,17,29,17,22,22,13,13,25,26,27,16,16,16,22,22,23,12,11,12,7,7,10,7,10,10,12,12,12,7,7,7,10,10,10,0,0,0,0,0,0,0,8
233,0,0,0,0,0,0,0,0,0,0,0,0,0,28,28,22,16,16,28,28,16,14,18,18,13,27,27,27,16,16,16,22,22,22,67,54,40,63,63,53,40,42,31,50,42,33,63,63,63,38,40,40,54,53,53,25,20,15,22,22,19,14,19,11,19,15,11,11,22,23,22,13,13,14,19,19,19,27,22,25,17,28,17,21,22,13,13,25,26,25,16,15,16,22,21,22,13,11,13,7,7,10,7,10,10,12,12,12,7,7,7,10,10,10,0,0,0,0,0,0,0,10
234,0,0,0,0,0,0,0,0,0,0,0,0,0,28,28,22,16,17,28,27,16,14,18,18,14,28,28,27,16,16,16,21,22,22,68,54,40,64,64,54,40,42,32,51,41,34,64,64,64,38,40,40,54,54,54,26,21,15,23,23,19,14,19,12,19,16,11,11,22,23,23,14,13,14,19,19,19,27,22,24,16,28,16,22,22,13,13,26,25,25,16,15,16,22,22,21,13,11,13,7,8,10,8,10,10,13,13,13,8,7,7,10,9,10,0,0,0,0,0,0,0,10
235,0,0,0,0,0,0,0,0,0,0,0,0,0,28,28,22,16,17,28,28,16,14,18,18,14,28,27,28,16,16,16,22,22,22,68,54,39,63,62,53,40,42,31,51,42,34,62,63,63,37,40,40,54,54,53,26,21,15,23,23,20,15,20,12,20,16,11,11,23,23,23,14,14,15,20,20,19,28,22,24,17,28,17,22,22,13,13,27,25,26,16,16,15,22,22,22,13,12,13,8,8,10,8,10,10,13,13,13,8,8,8,10,10,10,0,0,0,0,0,0,0,10
236,0,0,0,0,0,0,0,0,0,0,0,0,0,28,28,22,17,17,27,28,17,13,18,18,14,28,28,28,17,16,16,22,22,22,67,54,40,63,63,54,40,42,31,50,42,34,63,63,63,38,40,40,54,54,53,27,21,16,24,24,20,15,20,12,20,15,12,11,23,22,23,14,14,15,19,20,20,26,23,25,17,28,17,22,23,13,13,27,27,26,16,15,15,23,23,23,13,12,13,8,8,11,8,11,11,13,13,13,8,8,8,11,11,11,0,0,0,0,0,0,0,11
237,0,0,0,0,0,0,0,0,0,0,0,0,0,28,28,22,17,17,28,28,17,14,18,18,14,28,27,28,15,17,16,22,22,22,68,54,40,64,64,54,40,42,32,50,42,34,64,64,63,38,40,40,53,54,54,26,20,16,24,23,20,15,19,12,20,16,12,11,22,22,21,13,14,15,18,19,20,28,23,24,17,28,17,22,23,13,13,27,26,27,16,16,16,23,22,22,14,12,14,8,8,11,8,11,11,14,13,13,8,8,8,11,11,11,0,0,0,0,0,0,0,11
238,0,0,0,0,0,0,0,0,0,0,0,0,0,28,28,21,17,17,28,28,17,14,18,18,14,28,28,28,16,17,16,22,22,22,69,55,41,64,64,55,41,43,31,51,43,34,64,64,64,38,41,41,55,55,55,25,21,16,23,22,19,14,19,12,20,16,11,11,23,23,23,13,13,14,19,19,20,28,23,25,17,28,17,23,23,13,13,27,27,26,16,16,16,22,23,22,15,13,15,9,9,11,8,11,11,14,14,14,8,8,8,11,11,11,0,0,0,0,0,0,0,10
239,0,0,0,0,0,0,0,0,0,0,0,0,0,29,29,23,17,16,27,28,17,14,19,19,14,28,28,28,17,17,17,23,23,23,70,56,42,65,65,55,41,43,32,52,43,34,65,65,65,39,41,41,55,55,55,25,21,16,23,23,19,14,19,12,20,16,11,11,23,22,23,14,13,14,18,18,20,28,23,25,17,28,17,23,23,13,13,27,27,27,16,16,16,23,23,23,15,13,15,9,9,11,9,11,11,15,14,14,8,8,8,11,11,11,0,0,0,0,0,0,0,9
240,0,0,0,0,0,0,0,0,0,0,0,0,0,28,29,23,17,17,29,29,17,14,19,19,14,29,28,28,17,17,17,22,22,21,70,56,42,66,66,56,42,44,32,52,43,35,65,65,65,39,42,42,56,56,56,26,21,16,23,23,20,14,19,12,19,15,11,11,23,22,22,14,14,14,19,19,20,28,23,25,17,27,17,23,23,13,13,27,27,27,16,16,16,22,23,23,15,13,15,9,9,11,9,11,11,15,15,14,8,8,8,11,11,11,0,0,0,0,0,0,0,8
241,0,0,0,0,0,0,0,0,0,0,0,0,0,29,30,24,17,17,29,29,17,14,19,19,14,29,29,29,17,17,17,23,23,23,70,56,42,66,65,56,42,44,33,53,44,35,66,66,66,39,42,42,56,56,56,25,20,15,22,21,19,14,19,11,18,15,11,10,23,21,22,13,14,14,18,18,20,30,24,26,18,30,18,24,24,14,14,28,28,28,16,16,16,23,23,23,15,13,15,9,8,11,9,11,11,15,14,13,8,8,8,11,11,11,0,0,0,0,0,0,0,7
242,0,0,0,0,0,0,0,0,0,0,0,0,0,30,30,24,18,17,29,29,17,14,19,19,14,29,29,29,17,17,17,23,23,23,70,56,42,66,66,56,42,44,33,52,43,35,65,66,65,39,42,42,56,56,56,25,20,15,22,22,19,14,19,11,18,15,11,11,22,22,22,13,14,14,18,18,19,30,24,26,18,30,18,24,24,14,14,28,28,28,16,17,17,24,23,23,15,13,14,9,9,11,8,11,11,15,15,15,8,8,8,11,11,11,0,0,0,0,0,0,0,6
243,0,0,0,0,0,0,0,0,0,0,0,0,0,29,29,23,18,18,29,29,17,14,19,19,14,29,29,29,17,17,17,23,23,23,71,56,42,67,67,56,42,44,33,53,44,34,67,67,67,40,42,42,56,56,55,24,20,15,22,22,19,14,19,11,19,15,11,11,22,22,22,13,13,14,19,17,18,30,24,26,18,30,18,24,24,14,14,28,28,28,17,17,17,24,24,24,15,12,15,9,8,11,9,11,11,15,15,15,8,8,8,11,11,10,0,0,0,0,0,0,0,7
244,0,0,0,0,0,0,0,0,0,0,0,0,0,30,30,24,18,18,30,30,17,14,19,19,14,29,29,29,17,17,17,22,23,23,71,57,42,67,67,57,42,44,33,53,44,35,67,67,67,40,42,42,57,56,56,25,19,15,23,23,19,12,19,11,19,16,11,11,22,21,22,13,13,14,19,19,19,31,25,26,18,30,18,24,24,13,14,28,29,29,17,17,17,23,23,24,15,12,15,9,9,11,8,11,11,14,14,15,8,8,8,10,11,11,0,0,0,0,0,0,0,5
245,0,0,0,0,0,0,0,0,0,0,0,0,0,30,30,24,17,18,30,29,17,14,19,18,14,29,28,28,17,17,17,23,22,22,71,56,43,67,67,57,43,44,33,53,44,35,67,66,67,40,42,42,56,56,57,26,21,15,23,23,20,14,19,12,19,16,11,11,23,23,23,14,14,14,19,19,19,31,24,27,18,30,18,24,24,14,14,29,29,29,17,17,17,24,24,24,15,12,15,7,9,11,8,11,11,14,14,14,8,8,8,11,10,10,0,0,0,0,0,0,0,6
246,0,0,0,0,0,0,0,0,0,0,0,0,0,30,30,24,18,18,30,29,18,15,19,19,14,29,29,29,17,17,17,23,23,23,71,57,43,67,67,57,43,45,33,54,45,35,67,67,67,40,43,43,57,57,57,26,20,15,23,23,20,15,20,12,20,16,11,11,23,23,23,14,14,15,20,20,20,31,24,27,18,30,18,24,24,14,14,29,29,29,17,17,16,24,24,24,15,13,15,9,9,11,9,10,11,15,15,14,9,8,8,11,11,11,0,0,0,0,0,0,0,6
247,0,0,0,0,0,0,0,0,0,0,0,0,0,30,30,24,18,18,30,30,18,15,20,20,15,29,29,29,17,17,17,23,23,23,72,57,43,67,67,56,43,44,33,53,45,36,67,67,67,40,43,42,57,56,57,26,20,15,23,22,20,15,20,12,20,16,11,11,22,23,22,14,14,15,20,20,19,31,25,28,18,31,18,25,25,14,14,28,29,29,17,17,17,25,25,25,16,14,16,9,9,13,9,13,13,16,15,16,9,9,8,13,12,12,0,0,0,0,0,0,0,8
248,0,0,0,0,0,0,0,0,0,0,0,0,0,30,30,24,18,18,30,30,18,15,20,20,14,29,29,29,17,17,17,23,23,23,72,58,43,68,68,58,43,45,34,54,45,35,67,68,68,40,43,43,58,58,57,25,20,15,23,23,19,15,19,12,19,16,11,11,23,23,23,14,14,14,20,18,19,31,25,28,19,31,18,24,25,14,14,29,29,28,16,17,17,25,25,25,16,14,15,9,9,13,9,13,13,16,16,16,9,9,9,13,13,12,0,0,0,0,0,0,0,5
249,0,0,0,0,0,0,0,0,0,0,0,0,0,30,30,24,18,18,30,30,18,15,20,20,15,30,29,29,17,17,17,23,23,23,72,57,43,68,67,58,43,45,34,53,45,36,67,68,68,41,43,43,58,58,58,25,20,15,23,23,19,14,19,12,19,16,11,11,23,23,23,13,14,14,19,19,19,31,24,28,19,30,17,23,25,14,14,29,28,29,17,16,16,23,25,25,16,14,16,10,9,13,9,13,13,16,16,16,9,9,9,12,13,13,0,0,0,0,0,0,0,5
250,0,0,0,0,0,0,0,0,0,0,0,0,0,30,30,23,17,17,30,29,18,14,20,20,15,30,30,30,18,17,17,23,23,23,73,58,43,69,69,58,43,46,34,55,46,36,69,69,69,41,43,43,58,58,58,26,20,15,23,23,20,15,20,12,20,16,11,11,23,23,23,14,14,15,19,19,19,31,23,27,19,31,18,24,23,14,13,29,29,29,17,17,17,24,24,24,16,14,16,10,9,12,9,12,13,16,15,15,9,9,9,11,12,13,0,0,0,0,0,0,0,6
251,0,0,0,0,0,0,0,0,0,0,0,0,0,30,30,24,18,18,30,29,17,14,19,20,15,30,29,30,17,17,17,23,23,23,72,58,44,68,69,58,43,45,34,55,46,36,69,69,68,41,43,43,58,58,57,27,21,16,24,24,20,15,20,12,20,16,12,12,24,23,23,14,14,15,20,20,20,31,24,27,18,30,18,24,24,14,14,29,29,29,17,17,17,23,24,24,16,13,16,9,9,12,9,11,12,15,15,15,9,9,9,12,12,12,0,0,0,0,0,0,0,6
252,0,0,0,0,0,0,0,0,0,0,0,0,0,30,30,24,18,18,30,30,17,15,19,19,15,30,28,29,17,17,17,23,23,23,73,58,43,69,69,58,43,46,34,55,45,36,69,69,69,41,44,43,58,58,57,27,22,16,24,24,21,15,21,13,20,17,12,12,24,24,24,14,14,15,21,20,20,31,25,27,18,30,18,24,24,14,14,29,29,29,17,17,17,24,24,24,14,14,16,9,9,12,9,11,11,15,15,14,9,9,8,12,11,12,0,0,0,0,0,0,0,4
253,0,0,0,0,0,0,0,0,0,0,0,0,0,30,30,24,18,18,30,30,18,14,19,19,14,30,29,29,17,17,17,23,23,23,74,59,44,70,69,59,44,46,34,54,46,37,69,69,69,41,44,44,59,59,59,27,21,16,24,24,20,15,20,13,20,16,12,12,24,24,24,14,14,15,21,20,20,30,25,26,18,31,18,24,25,14,14,29,28,29,17,17,17,25,24,24,15,14,15,8,9,12,9,11,11,15,14,13,9,8,8,11,11,11,0,0,0,0,0,0,0,5
254,0,0,0,0,0,0,0,0,0,0,0,0,0,30,30,23,17,18,30,29,18,15,19,19,14,29,29,28,16,17,17,23,23,23,74,59,43,70,70,59,44,46,35,56,46,37,70,69,69,41,44,43,59,59,59,27,22,16,24,24,21,15,21,13,20,17,12,12,24,24,24,14,14,15,20,20,20,31,25,28,18,31,18,25,25,14,14,29,29,29,17,17,17,25,25,25,13,14,15,9,9,12,8,11,11,15,15,14,9,9,8,11,10,11,0,0,0,0,0,0,0,5
255,0,0,0,0,0,0,0,0,0,0,0,0,0,29,30,23,17,18,29,29,17,14,19,19,14,29,29,28,17,17,17,23,23,23,74,59,44,70,70,59,44,46,35,56,46,37,70,70,70,42,44,44,59,59,59,27,22,16,24,24,21,15,21,13,19,17,12,12,24,24,24,14,14,15,19,20,20,30,25,28,19,31,19,25,25,15,14,29,29,29,17,17,17,25,25,25,13,14,14,9,9,11,8,11,11,14,15,13,9,9,8,11,11,10,0,0,0,0,0,0,0,5
256,0,0,0,0,0,0,0,0,0,0,0,0,0,30,29,23,18,18,30,30,18,14,19,19,14,29,28,29,17,17,17,23,23,23,75,60,45,70,70,60,45,47,35,55,47,37,70,70,70,42,45,44,60,60,59,28,22,16,25,25,21,15,21,13,21,17,12,12,25,25,25,14,14,15,21,20,21,31,25,27,19,31,18,25,24,15,14,29,29,29,17,17,17,25,25,24,15,13,14,9,9,11,8,11,11,14,15,15,8,9,8,11,11,11,0,0,0,0,0,0,0,5
257,0,0,0,0,0,0,0,0,0,0,0,0,0,30,29,24,18,18,29,29,18,14,20,20,15,30,30,29,17,17,17,23,23,23,75,60,45,71,71,60,45,47,35,56,47,37,70,70,70,42,45,45,60,60,60,28,22,16,25,25,21,16,21,13,21,17,12,12,25,24,24,15,15,15,21,21,21,31,25,28,19,31,19,25,25,15,15,30,30,30,18,18,17,25,25,25,15,13,15,9,9,12,9,11,11,15,14,15,9,9,9,11,11,11,0,0,0,0,0,0,0,5
258,0,0,0,0,0,0,0,0,0,0,0,0,0,30,30,24,18,18,30,30,18,15,20,20,15,30,30,30,18,18,18,23,23,23,76,60,45,71,71,60,45,47,35,57,47,38,71,71,71,43,45,45,59,60,60,28,22,16,25,24,21,16,20,13,21,17,12,12,24,25,24,15,15,15,21,21,21,32,26,28,19,32,19,26,26,15,15,30,29,30,18,18,18,26,26,25,15,13,15,9,9,12,9,11,11,15,15,15,9,8,9,12,11,11,0,0,0,0,0,0,0,6
259,0,0,0,0,0,0,0,0,0,0,0,0,0,30,30,24,18,18,30,30,18,15,20,19,15,29,29,30,17,17,18,24,22,23,76,61,45,71,71,61,45,47,35,57,47,38,71,71,71,42,45,45,61,60,60,28,23,17,25,25,21,16,21,13,21,17,12,12,25,25,25,15,15,16,21,21,21,32,26,28,19,32,19,26,26,15,15,30,30,30,18,18,18,26,26,26,16,14,15,9,9,12,9,12,12,15,15,15,9,9,9,12,12,12,0,0,0,0,0,0,0,5
